age_years,resting_hr_min_bpm,resting_hr_max_bpm,max_hr_220_minus_age,max_hr_tanaka,target_zone_50pct_bpm,target_zone_85pct_bpm
0,100,160,220,208,104,177
1,90,150,219,207,104,176
2,90,150,218,207,104,176
3,80,140,217,206,103,175
4,80,140,216,205,102,174
5,80,140,215,204,102,173
6,70,120,214,204,102,173
7,70,120,213,203,102,173
8,70,120,212,202,101,172
9,70,120,211,202,101,172
10,60,100,210,201,100,171
11,60,100,209,200,100,170
12,60,100,208,200,100,170
13,60,100,207,199,100,169
14,60,100,206,198,99,168
15,60,100,205,198,99,168
16,60,100,204,197,98,167
17,60,100,203,196,98,167
18,60,100,202,195,98,166
19,60,100,201,195,98,166
20,60,100,200,194,97,165
21,60,100,199,193,96,164
22,60,100,198,193,96,164
23,60,100,197,192,96,163
24,60,100,196,191,96,162
25,60,100,195,190,95,162
26,60,100,194,190,95,162
27,60,100,193,189,94,161
28,60,100,192,188,94,160
29,60,100,191,188,94,160
30,60,100,190,187,94,159
31,60,100,189,186,93,158
32,60,100,188,186,93,158
33,60,100,187,185,92,157
34,60,100,186,184,92,156
35,60,100,185,184,92,156
36,60,100,184,183,92,156
37,60,100,183,182,91,155
38,60,100,182,181,90,154
39,60,100,181,181,90,154
40,60,100,180,180,90,153
41,60,100,179,179,90,152
42,60,100,178,179,90,152
43,60,100,177,178,89,151
44,60,100,176,177,88,150
45,60,100,175,176,88,150
46,60,100,174,176,88,150
47,60,100,173,175,88,149
48,60,100,172,174,87,148
49,60,100,171,174,87,148
50,60,100,170,173,86,147
51,60,100,169,172,86,146
52,60,100,168,172,86,146
53,60,100,167,171,86,145
54,60,100,166,170,85,144
55,60,100,165,170,85,144
56,60,100,164,169,84,144
57,60,100,163,168,84,143
58,60,100,162,167,84,142
59,60,100,161,167,84,142
60,60,100,160,166,83,141
61,60,100,159,165,82,140
62,60,100,158,165,82,140
63,60,100,157,164,82,139
64,60,100,156,163,82,139
65,60,100,155,162,81,138
66,60,100,154,162,81,138
67,60,100,153,161,80,137
68,60,100,152,160,80,136
69,60,100,151,160,80,136
70,60,100,150,159,80,135
71,60,100,149,158,79,134
72,60,100,148,158,79,134
73,60,100,147,157,78,133
74,60,100,146,156,78,133
75,60,100,145,156,78,133
76,60,100,144,155,78,132
77,60,100,143,154,77,131
78,60,100,142,153,76,130
79,60,100,141,153,76,130
80,60,100,140,152,76,129
81,60,100,139,151,76,128
82,60,100,138,151,76,128
83,60,100,137,150,75,128
84,60,100,136,149,74,127
85,60,100,135,148,74,126
86,60,100,134,148,74,126
87,60,100,133,147,74,125
88,60,100,132,146,73,124
89,60,100,131,146,73,124
90,60,100,130,145,72,123
91,60,100,129,144,72,122
92,60,100,128,144,72,122
93,60,100,127,143,72,122
94,60,100,126,142,71,121
95,60,100,125,142,71,121
96,60,100,124,141,70,120
97,60,100,123,140,70,119
98,60,100,122,139,70,118
99,60,100,121,139,70,118
100,60,100,120,138,69,117
