pain_score_10,frequence_cardiaque_bpm,ECG_HRV_RMSSD_ms,PPG_amplitude_au,conductance_cutanee_GSR_uS,temperature_cutanee_C,respiration_rpm,activite_musculaire_EMG_uV
3,101.43,24.08,0.96,5.56,32.26,15.22,20.11
0,81.08,36.08,0.95,2.19,31.77,12.27,20.29
10,76.24,31.23,0.43,8.36,32.86,21.99,35.57
0,57.63,47.13,0.83,3.17,34.54,13.93,17.93
1,65.09,22.02,0.86,4.39,33.5,18.52,5.71
2,93.54,41.57,1.24,4.95,34.43,17.63,14.51
8,93.03,12.89,0.25,8.7,30.72,18.92,42.65
1,87.87,41.1,0.92,3.58,33.67,13.92,9.36
3,75.9,37.71,0.74,4.46,32.87,17.74,10.37
5,81.84,17.84,0.77,7.05,34.29,14.34,20.33
7,109.59,8.0,0.7,8.76,33.13,17.79,30.66
3,100.47,30.06,0.28,6.37,33.61,18.25,22.15
5,91.75,30.06,0.64,4.51,30.25,18.01,27.09
0,66.32,29.96,0.99,1.88,32.99,13.9,8.21
9,110.87,24.37,0.62,7.76,31.86,16.72,27.26
1,73.53,54.38,0.64,2.31,33.08,17.68,8.21
1,82.79,43.56,0.94,4.26,32.33,10.84,13.85
9,94.3,39.06,0.45,7.75,34.34,19.34,37.94
0,80.12,64.78,1.04,2.69,33.94,16.08,5.78
5,100.72,15.49,0.8,7.18,32.53,15.25,28.21
2,59.73,27.97,1.01,5.07,33.94,17.35,8.05
3,73.85,56.92,0.75,5.07,33.02,18.98,17.77
9,84.34,19.68,0.55,7.54,32.98,23.89,25.15
7,91.71,49.0,0.43,5.31,33.91,16.63,21.59
0,76.77,26.44,0.9,5.05,31.37,12.23,18.08
4,93.94,42.67,0.87,6.04,33.38,16.13,17.64
5,76.85,47.49,0.79,8.53,33.39,19.2,33.01
2,84.12,64.75,0.95,5.37,33.92,14.35,17.87
2,65.39,19.51,1.05,4.79,33.57,19.95,18.16
6,75.58,13.08,0.44,5.97,32.27,19.13,28.76
3,77.76,44.65,0.83,6.97,33.15,19.8,12.79
10,103.14,31.46,0.39,9.69,32.53,25.83,28.61
0,66.3,55.64,0.9,2.73,33.66,15.53,8.11
3,73.39,40.07,0.52,5.7,31.86,16.86,26.1
2,76.71,46.95,1.15,4.28,31.57,18.85,18.2
4,81.46,34.77,0.85,5.52,31.71,17.16,27.4
9,96.94,9.75,0.86,7.65,31.01,20.33,35.6
8,91.95,40.79,0.83,7.38,33.74,21.6,37.83
0,81.42,71.1,1.19,1.87,33.54,14.54,7.22
10,110.4,13.75,0.34,9.63,31.26,19.25,41.92
9,93.51,14.49,0.37,6.77,31.58,20.05,35.82
6,95.77,18.65,0.54,7.29,32.93,23.55,26.86
7,84.46,19.5,0.69,6.76,32.25,21.84,22.17
1,84.18,25.82,0.91,3.87,34.08,17.15,18.34
3,97.05,14.92,0.84,5.2,33.53,17.26,19.72
5,110.05,22.9,1.05,5.8,33.79,16.26,21.82
6,99.54,23.2,0.78,7.58,32.24,19.06,33.5
9,103.04,32.12,0.36,5.87,30.49,19.96,27.82
7,82.34,21.5,0.64,7.16,32.16,19.69,32.14
10,85.26,46.05,0.54,5.57,33.22,22.99,22.02
1,81.89,43.58,1.32,2.73,33.92,16.32,20.82
0,60.08,46.95,1.17,4.58,33.88,17.85,9.23
7,94.18,33.2,0.95,6.98,30.7,18.95,30.33
1,77.58,45.83,0.82,2.94,33.47,16.79,15.15
6,90.19,41.32,0.61,7.06,32.19,18.17,35.26
5,91.26,45.08,0.87,8.01,33.76,23.19,29.9
8,105.34,8.0,0.76,8.71,31.25,18.34,31.6
2,74.27,54.1,0.83,3.4,34.5,17.7,14.77
10,98.75,16.05,0.45,7.11,30.48,19.85,42.43
0,89.25,31.62,1.08,2.49,33.4,17.82,21.53
1,86.72,30.52,0.62,3.69,33.97,14.94,11.59
3,82.67,36.61,0.95,6.37,33.21,16.15,18.26
5,68.77,35.37,0.59,6.68,32.34,16.85,20.47
7,84.42,43.89,0.7,6.42,34.46,20.99,28.79
9,96.36,8.0,0.5,10.8,32.19,24.19,42.69
9,108.98,40.87,0.73,8.15,32.78,21.11,28.83
1,74.52,50.57,1.03,4.71,34.66,17.12,10.93
0,63.87,26.09,1.1,3.12,33.77,20.15,15.94
10,89.13,8.0,0.22,10.08,31.31,22.92,39.59
6,88.74,31.95,0.61,7.87,32.79,24.41,27.83
2,73.14,55.9,0.69,2.7,33.19,19.73,19.31
1,86.8,32.74,1.21,3.75,34.02,12.13,11.52
7,81.61,17.0,0.8,5.51,32.62,19.56,15.75
0,72.96,48.08,0.93,2.83,33.03,16.61,23.09
0,82.64,41.3,0.56,5.8,33.42,14.53,20.14
9,110.05,8.0,0.57,9.16,31.38,22.72,43.12
6,89.22,32.69,0.86,7.85,32.05,22.65,32.56
10,95.39,9.79,0.42,8.12,32.33,24.08,27.05
8,92.88,21.09,0.71,10.03,32.99,23.63,42.06
5,94.58,36.75,0.91,6.83,33.23,22.62,26.04
10,84.05,13.48,0.38,8.43,31.6,19.22,38.39
0,79.8,36.0,1.15,2.06,32.07,14.51,18.98
4,82.49,37.18,0.67,5.34,32.97,18.1,14.07
4,87.93,24.3,0.66,7.01,33.05,16.29,21.97
7,100.05,19.35,0.74,5.67,33.15,23.22,21.23
9,95.03,8.0,0.44,7.9,32.05,23.53,34.22
0,50.69,48.72,1.21,2.52,33.29,18.47,11.48
9,90.66,51.71,0.72,8.07,33.92,19.31,29.8
6,91.43,35.2,0.68,5.89,32.8,17.26,19.65
3,69.11,20.37,1.09,5.45,33.69,17.71,12.42
5,99.95,51.28,0.89,6.63,32.74,16.74,18.19
4,74.96,45.24,0.61,6.28,33.02,15.44,7.51
5,92.67,17.65,0.49,5.98,33.13,19.71,25.62
1,70.67,51.52,1.12,4.82,33.84,15.81,15.34
9,98.86,19.12,0.49,6.79,31.2,20.26,35.41
10,98.11,19.56,0.86,8.49,30.58,27.18,33.46
7,76.29,25.71,0.44,8.17,33.16,19.55,29.49
0,82.31,50.27,0.56,5.63,33.57,16.86,8.44
8,104.15,33.21,0.74,7.76,32.75,22.54,29.5
8,97.61,30.6,0.54,8.51,32.58,21.84,27.54
3,82.06,36.85,0.68,4.45,31.53,15.66,15.1
4,85.3,33.57,0.66,5.89,33.24,20.27,19.87
2,73.86,39.17,0.92,4.08,32.87,20.23,12.24
1,82.48,63.22,1.24,4.38,34.69,17.28,26.05
3,77.85,41.66,0.77,5.18,32.5,15.84,23.17
9,89.06,17.93,0.5,8.39,32.85,22.53,29.93
10,83.83,45.65,0.4,6.16,32.87,23.72,29.43
9,109.6,11.43,0.49,10.6,32.5,22.16,41.52
3,71.61,40.47,0.75,4.98,32.71,13.73,17.96
9,89.84,12.97,0.39,7.98,31.76,22.25,28.53
7,88.52,10.46,0.61,6.68,32.99,26.39,33.63
4,92.18,30.58,0.75,5.36,32.87,17.46,16.52
2,94.3,25.23,0.96,4.36,33.29,12.94,16.0
1,68.21,59.06,1.16,4.41,33.62,15.32,21.49
6,104.03,25.53,0.29,5.67,33.36,19.59,22.7
0,77.13,59.05,1.13,2.17,34.33,16.47,7.07
1,68.76,48.68,0.96,4.44,32.8,11.99,24.99
10,95.79,23.1,0.21,8.96,32.23,21.41,33.66
9,88.88,24.9,0.5,8.14,32.15,19.01,32.02
9,84.75,22.0,0.28,8.75,31.8,22.15,28.36
4,100.06,25.32,0.92,5.79,32.88,19.59,24.23
10,88.28,8.0,0.26,9.75,31.95,26.46,36.16
8,97.7,32.13,0.39,8.47,32.04,23.15,41.3
3,81.92,23.52,0.84,5.47,33.26,21.01,16.83
2,68.68,26.61,0.85,5.08,35.08,11.61,10.98
8,71.34,30.12,0.39,7.75,33.51,23.7,23.75
4,79.36,64.09,0.77,5.16,33.98,18.11,20.73
10,94.87,8.0,0.34,8.87,31.99,26.9,30.47
8,81.67,12.75,0.56,7.39,32.47,21.38,22.71
4,64.47,36.79,0.73,3.9,33.72,19.96,25.17
2,77.64,23.32,0.79,2.85,33.5,20.24,11.02
6,80.37,23.67,0.34,6.95,31.41,20.62,31.89
5,96.72,52.64,0.91,6.45,33.79,19.32,19.72
3,85.31,30.39,0.94,2.5,32.48,17.59,14.1
0,77.89,44.52,1.0,4.03,32.66,14.62,19.35
4,100.03,15.62,0.97,4.82,33.31,17.83,20.25
4,67.78,29.46,0.84,4.98,33.93,19.27,16.6
1,51.94,30.06,0.86,3.24,32.98,13.34,5.92
3,91.91,36.75,1.27,3.35,33.5,19.89,23.45
9,90.13,8.0,0.48,5.36,32.36,20.15,34.56
5,79.99,47.22,0.58,5.65,34.56,16.03,22.0
7,90.44,24.72,0.3,5.22,33.22,19.1,25.22
10,115.89,21.15,0.81,9.25,33.2,16.49,37.52
5,86.19,21.55,0.82,7.38,33.34,18.86,32.69
4,93.72,33.83,0.49,3.57,34.02,18.14,18.98
6,91.31,22.67,0.63,7.87,32.25,21.13,30.74
2,63.77,39.47,1.12,4.85,33.51,11.28,16.48
5,73.6,23.45,0.69,6.4,33.65,19.02,18.02
0,86.22,37.03,1.05,3.29,33.87,16.11,16.42
6,95.66,32.39,0.54,5.51,31.14,14.9,29.79
2,82.82,43.89,0.68,2.15,33.61,13.8,10.32
5,97.67,56.45,0.85,5.83,32.93,21.26,25.76
7,93.86,19.51,0.44,7.25,31.79,22.21,36.84
8,93.16,8.0,0.36,8.22,31.6,22.76,30.53
0,83.98,42.02,0.82,2.4,33.13,17.36,8.33
10,101.43,8.0,0.48,11.16,32.5,27.56,45.57
5,80.93,39.53,0.67,6.3,34.31,20.17,12.33
1,82.7,18.03,1.06,2.39,34.05,15.03,10.44
9,92.54,15.49,0.34,9.51,31.1,21.54,42.91
10,97.88,23.85,0.64,10.68,32.23,23.78,47.81
3,71.04,46.5,0.69,5.37,32.89,17.32,13.19
8,94.9,15.19,0.66,9.9,32.85,22.99,39.55
8,85.88,30.55,0.52,8.24,32.84,20.42,30.64
7,88.58,21.94,0.46,8.84,31.13,18.0,37.27
8,94.54,18.07,0.56,9.84,32.29,23.13,28.22
7,87.3,34.15,0.61,7.29,32.01,18.27,23.48
3,84.64,27.49,0.54,3.61,32.72,19.15,22.93
10,104.58,8.0,0.26,9.26,32.74,21.25,34.76
7,83.71,45.17,0.54,7.39,33.81,19.69,26.99
1,62.19,32.56,0.54,3.96,32.73,10.91,25.45
3,75.33,43.81,0.98,4.81,32.78,15.87,31.56
10,115.1,23.0,0.2,10.88,32.53,25.16,45.01
10,104.18,8.0,0.44,8.33,32.63,20.35,37.07
2,74.0,44.49,0.86,3.19,32.36,13.71,17.39
10,82.9,8.0,0.2,8.06,31.9,18.68,35.54
8,82.47,8.04,0.65,7.51,32.71,24.38,37.87
1,72.11,44.64,0.87,4.24,32.93,16.74,10.01
6,96.38,29.84,0.69,5.83,32.87,20.53,25.51
9,96.21,19.87,0.86,8.11,30.37,23.62,33.58
5,78.62,52.59,0.67,5.94,34.35,16.55,31.5
6,84.07,37.83,0.69,6.39,32.78,20.56,17.64
9,107.8,18.82,0.98,7.82,33.79,19.64,33.68
2,91.45,28.16,0.94,3.65,33.02,14.64,23.24
1,64.4,54.74,0.87,5.37,33.92,16.46,15.87
3,84.84,28.39,0.78,4.0,32.6,17.89,12.02
5,98.56,22.84,1.05,6.86,34.21,17.7,22.1
8,80.82,30.56,0.51,7.96,33.57,19.94,22.25
4,80.03,36.08,1.04,6.39,33.3,20.57,24.18
7,90.54,16.58,0.39,6.12,32.36,21.58,21.79
4,77.83,21.07,0.69,6.83,31.16,16.3,30.77
5,102.97,42.25,0.86,6.21,33.37,20.16,24.17
8,116.89,15.52,0.57,9.23,32.6,19.66,29.48
3,72.88,18.34,0.9,5.4,33.06,21.07,9.14
9,99.87,20.51,0.6,10.9,32.92,28.29,46.27
6,70.55,9.79,0.32,6.14,32.36,18.32,30.4
0,78.12,51.33,1.08,3.18,34.22,16.86,22.47
7,96.67,24.63,0.48,5.15,32.3,18.37,19.44
6,71.04,8.0,0.55,6.34,32.05,20.29,19.28
6,74.59,39.62,0.71,6.32,31.98,18.69,24.32
0,51.62,52.19,0.96,2.16,33.57,16.68,25.15
2,66.3,23.35,0.97,4.07,33.13,20.2,22.81
2,67.85,29.9,0.94,4.24,32.84,18.03,7.51
1,73.39,40.84,0.92,4.76,32.32,13.18,9.7
8,86.89,50.46,0.69,7.75,34.53,20.07,31.83
7,73.3,13.03,0.63,7.18,32.79,21.24,16.32
0,83.65,56.93,1.13,2.13,34.38,15.73,5.46
3,91.72,50.92,0.3,7.39,32.87,18.9,25.96
3,82.8,47.47,1.27,4.74,33.78,18.42,10.49
1,76.48,52.06,0.87,3.99,34.94,15.95,17.88
4,101.4,56.5,0.98,5.42,33.46,16.81,12.23
9,109.91,8.0,0.83,7.82,33.44,18.96,34.12
7,87.46,12.7,0.94,5.29,32.79,17.2,15.49
10,103.23,8.0,0.32,8.0,32.81,21.77,38.15
10,115.39,8.0,0.43,9.58,31.25,20.8,47.95
5,74.92,14.67,0.82,6.11,33.98,16.57,21.87
1,82.42,45.07,0.76,4.06,34.1,18.1,12.34
2,59.49,36.75,0.88,3.31,33.62,17.98,16.58
9,108.39,12.92,0.49,7.21,32.43,20.12,32.51
10,104.81,31.15,1.06,7.31,32.79,22.93,31.2
6,75.65,31.41,0.77,4.86,33.02,23.07,33.65
7,102.84,37.24,0.2,8.98,33.33,21.59,32.15
8,95.66,20.37,0.64,9.38,33.38,25.3,38.52
3,73.7,32.26,0.94,5.16,33.33,17.4,29.32
1,84.62,54.06,0.91,5.46,32.57,15.19,11.44
1,68.15,45.19,0.79,4.63,32.5,16.12,16.29
9,97.41,9.23,0.67,8.33,31.24,18.79,38.5
5,93.52,47.64,0.84,5.58,33.08,19.62,20.48
0,88.92,21.8,1.0,3.89,33.88,18.95,21.89
7,70.3,16.12,0.3,7.23,32.4,19.01,29.26
6,85.62,28.6,0.9,7.87,33.55,19.69,35.78
1,74.58,47.05,1.1,4.24,32.48,18.68,22.2
4,79.92,57.58,0.75,5.02,34.63,18.13,16.47
6,91.56,32.63,1.13,5.53,34.0,19.54,28.04
3,67.22,48.88,0.91,4.71,33.55,18.57,17.97
8,87.4,8.0,0.8,7.55,32.58,25.44,40.63
8,109.71,11.52,0.67,7.93,34.03,23.36,33.51
7,93.85,29.89,0.71,9.36,33.42,19.84,32.98
7,108.64,24.68,0.2,8.45,32.71,21.43,27.91
4,80.66,47.64,0.86,4.45,33.94,17.99,17.25
5,102.25,19.42,0.81,7.66,32.81,17.94,29.82
8,94.61,14.99,0.82,10.2,32.8,23.45,39.7
7,87.68,8.75,0.55,8.44,30.83,18.24,47.95
0,80.4,34.84,0.69,0.97,35.0,11.19,5.71
3,75.78,56.19,0.55,3.86,33.3,19.52,3.0
10,98.03,8.0,0.55,8.35,31.35,19.43,37.63
5,101.72,24.77,0.43,6.57,33.52,21.38,21.49
10,100.74,8.0,0.5,9.05,31.73,24.02,51.29
0,55.29,59.51,0.84,2.61,34.01,16.93,14.57
10,99.19,27.72,0.55,8.7,31.55,24.38,36.9
3,98.94,36.89,1.08,4.73,34.27,12.71,15.06
3,92.94,47.04,0.93,5.35,33.61,15.3,17.59
7,66.55,11.36,0.45,5.14,32.14,17.63,16.6
1,58.87,53.64,0.7,3.52,33.55,14.01,17.35
7,99.51,28.11,0.35,5.7,31.18,17.73,30.6
3,98.26,29.41,0.88,4.76,33.54,15.34,19.75
2,65.93,42.74,1.02,4.93,34.09,14.95,23.47
10,105.02,8.0,0.47,9.26,31.37,24.56,42.65
1,80.2,34.43,0.77,4.38,32.37,12.18,19.01
4,75.96,21.89,0.42,5.72,32.08,15.91,25.4
10,92.15,8.0,0.5,9.23,32.29,22.59,42.88
1,63.22,51.99,1.01,3.7,33.68,13.78,8.51
1,83.0,40.76,1.01,2.79,32.98,17.27,13.95
3,91.75,64.52,0.96,5.11,34.09,17.34,22.0
6,103.2,18.63,0.95,6.65,33.7,17.32,21.49
2,85.76,33.6,1.08,3.99,35.17,16.66,11.22
9,93.39,34.8,0.59,7.04,34.08,18.42,29.99
9,84.18,8.0,0.47,9.72,30.82,18.96,39.12
1,79.19,50.39,1.1,3.41,33.51,17.13,20.92
1,66.54,48.27,1.09,4.76,33.71,13.14,20.2
2,74.81,40.96,1.13,3.48,33.34,13.67,23.48
1,90.62,53.73,1.17,4.32,33.69,16.84,16.03
2,73.25,37.71,1.16,3.96,33.83,14.52,16.85
0,64.64,29.81,0.86,3.79,34.6,13.71,10.8
6,74.41,12.47,0.52,6.93,32.76,22.85,17.75
9,102.79,8.0,0.35,8.59,31.25,22.96,42.07
2,76.99,58.81,0.82,4.2,35.09,14.94,17.86
1,82.55,48.1,0.96,5.02,33.35,16.63,16.27
10,114.4,12.42,0.2,10.04,31.63,26.9,40.8
4,70.82,21.02,0.41,5.62,32.38,15.08,27.11
8,103.52,8.0,0.61,7.55,31.61,19.37,36.09
7,85.92,8.0,0.44,7.7,32.94,20.65,33.52
1,73.36,42.58,1.07,4.07,34.13,14.73,18.37
7,88.37,9.5,0.71,7.51,33.04,23.43,31.58
3,93.74,24.9,0.53,5.27,32.36,15.03,11.4
8,93.61,14.52,0.54,9.93,32.47,22.6,36.94
0,67.45,47.79,1.17,4.26,34.14,10.39,10.44
8,91.41,28.64,0.59,7.39,32.38,19.36,37.25
8,103.55,37.34,0.79,8.33,33.4,21.18,25.33
9,86.53,16.59,0.57,7.99,32.38,21.94,25.99
0,65.87,38.19,0.84,2.49,33.07,17.27,9.26
6,99.42,31.22,0.72,7.34,32.5,22.78,37.32
7,87.68,34.92,0.77,7.64,32.4,19.14,29.99
6,81.35,35.35,0.61,7.5,32.32,15.42,25.36
8,83.64,30.8,0.63,7.96,32.57,20.87,28.08
7,95.63,32.74,1.0,5.43,33.42,21.46,21.81
5,90.62,43.36,0.78,6.49,32.34,17.65,24.19
0,74.66,60.81,1.25,5.4,34.01,14.14,8.06
4,87.64,35.05,1.15,5.79,32.04,15.85,19.96
1,77.82,34.07,1.14,4.07,33.47,15.06,17.15
5,95.37,29.28,0.83,4.11,32.3,18.6,18.89
7,96.48,24.01,0.74,3.84,31.85,21.05,28.54
3,93.63,30.45,0.96,4.09,33.73,14.08,17.61
0,72.43,53.93,0.98,3.43,33.0,14.62,21.98
2,90.35,31.95,0.53,5.87,32.8,18.53,18.74
7,70.66,28.65,0.52,4.89,32.48,21.59,31.19
2,84.54,43.16,0.46,6.33,33.08,16.64,22.66
8,95.68,8.98,0.92,9.53,33.2,23.03,39.1
8,89.85,53.41,0.51,7.39,34.16,21.99,28.01
5,95.54,27.38,0.52,7.13,32.08,16.66,25.24
5,82.23,8.0,0.73,5.23,32.49,21.61,27.18
5,77.78,15.63,0.7,4.24,33.38,15.54,6.22
7,91.41,24.52,0.71,8.54,32.4,21.45,26.25
1,59.84,35.63,1.1,3.12,33.65,15.47,19.14
1,100.43,41.86,1.3,3.42,34.66,15.58,10.42
4,85.32,33.62,0.73,4.84,32.43,24.61,35.18
0,73.81,42.44,0.95,4.03,33.43,15.04,15.61
0,81.88,44.38,1.29,2.92,32.14,16.16,11.9
4,71.5,54.27,0.67,5.18,34.73,20.13,21.6
0,74.04,29.98,1.11,2.74,31.9,10.67,8.39
9,84.16,45.53,0.38,7.33,33.49,21.1,28.23
3,92.71,17.42,0.74,5.46,33.22,12.96,18.77
0,75.52,66.97,1.26,4.15,34.53,17.82,14.85
6,75.09,18.13,0.39,4.82,32.02,16.33,20.75
7,92.63,13.61,0.55,6.22,31.12,18.82,23.8
3,76.04,23.69,0.82,6.01,33.41,17.83,18.0
2,69.39,50.8,0.96,5.11,33.7,18.19,12.34
4,92.45,22.5,0.89,3.6,32.35,18.4,18.68
1,89.0,28.89,1.26,2.76,33.83,14.8,15.4
7,93.77,30.91,0.59,8.26,31.7,19.94,33.77
3,67.72,32.34,0.84,6.85,34.44,13.62,19.21
8,84.37,41.46,0.99,7.75,33.48,21.76,26.3
10,84.8,51.23,0.44,5.08,32.17,22.66,19.51
8,72.2,33.77,0.57,7.87,33.45,21.36,24.81
8,85.11,8.0,0.58,8.46,32.53,24.81,34.02
7,106.09,25.04,0.2,8.48,32.98,21.66,35.63
5,90.28,21.7,0.55,3.54,33.03,20.38,15.38
5,69.11,35.07,0.67,4.67,33.49,20.55,27.11
3,94.35,51.28,0.9,5.29,33.48,19.24,25.79
4,87.21,48.16,1.17,5.51,31.57,19.25,21.33
2,67.19,22.01,0.62,4.43,32.48,17.02,14.19
9,81.43,8.0,0.46,8.1,31.87,19.22,30.98
0,86.6,29.6,1.02,1.77,32.89,17.39,7.23
7,70.49,26.63,0.36,7.49,32.27,19.82,24.63
0,67.23,59.06,0.95,4.26,34.4,16.67,7.8
3,87.8,39.3,0.69,4.7,32.72,21.81,29.58
5,72.44,19.35,0.45,5.32,32.6,17.31,26.57
1,78.79,56.96,0.99,4.09,34.75,17.33,15.47
9,94.73,8.0,0.63,8.76,31.66,18.39,29.26
0,77.74,48.63,1.33,3.95,33.15,15.09,17.61
2,74.55,24.7,0.96,5.08,33.29,19.67,21.3
4,80.92,23.02,0.64,6.4,33.79,21.13,16.48
3,86.78,20.0,0.77,2.41,32.49,16.75,15.74
8,78.15,18.55,0.74,7.9,32.98,23.39,22.85
1,85.44,32.06,1.01,4.21,32.64,12.59,15.74
1,78.13,34.93,1.23,6.02,32.34,11.83,6.1
2,66.76,8.0,0.7,2.16,32.43,17.07,16.9
9,95.28,30.32,0.82,8.41,30.97,19.4,39.61
7,74.13,34.0,0.5,7.09,32.84,21.86,30.09
5,72.01,19.46,0.37,5.4,32.25,20.61,36.67
0,74.5,22.85,1.03,3.12,33.28,18.38,11.37
4,82.82,17.69,0.56,5.17,32.99,18.33,15.61
0,56.04,30.74,0.88,3.96,32.27,12.27,23.72
5,78.62,35.28,0.77,6.51,33.16,16.54,25.35
1,69.21,61.78,1.23,3.85,33.79,19.08,17.27
3,95.77,16.89,0.63,6.22,32.15,20.85,21.16
7,87.47,9.98,0.47,7.26,33.49,21.18,33.81
7,72.02,33.66,0.29,7.47,32.83,22.55,18.1
3,94.46,28.69,1.22,3.78,34.33,17.33,21.93
8,90.92,21.87,0.6,7.69,32.06,16.55,35.05
9,106.49,8.0,0.45,8.9,32.93,21.4,27.89
7,101.66,16.13,0.53,7.03,31.78,20.74,30.56
7,102.84,13.14,0.9,7.14,33.68,18.12,27.31
5,67.9,25.24,0.69,4.89,32.23,17.06,16.68
1,68.67,51.8,1.16,4.3,31.74,18.7,17.53
7,91.04,20.36,0.59,9.91,33.49,23.16,32.43
5,71.7,19.42,0.5,5.37,32.15,20.68,22.64
9,102.56,8.09,0.34,8.86,32.15,25.45,38.68
10,95.52,8.0,0.4,10.41,31.83,28.97,30.88
8,82.29,49.94,0.45,5.78,32.44,20.05,26.83
0,86.38,26.9,0.98,2.23,32.62,16.03,15.25
6,88.19,23.68,0.68,7.92,32.54,17.91,19.75
10,102.76,8.0,0.46,7.8,32.28,24.42,25.07
2,71.29,26.17,1.03,4.36,33.25,20.62,22.46
9,105.44,28.04,0.2,10.4,31.79,19.89,36.81
7,87.38,42.59,0.88,7.29,33.84,18.28,21.05
6,79.59,33.16,0.33,7.29,32.29,20.13,21.99
7,86.25,32.86,0.61,8.77,32.51,21.16,35.29
7,81.31,14.85,0.64,6.96,33.21,25.09,29.23
1,74.26,28.0,0.94,3.12,33.19,16.27,3.48
4,74.05,26.5,0.98,6.92,32.99,19.41,13.34
10,84.08,8.0,0.65,7.95,33.73,17.72,27.96
7,79.19,12.7,0.29,8.33,31.95,21.42,33.22
1,80.33,39.02,0.93,4.25,32.28,13.88,16.26
1,61.83,44.32,0.88,4.86,34.42,19.92,10.29
3,91.04,37.03,0.34,6.7,32.74,17.1,24.05
0,80.05,31.89,1.06,0.92,32.47,17.12,14.48
7,92.59,45.38,0.65,8.01,33.74,23.65,36.61
6,97.34,39.72,0.71,7.64,32.98,21.45,24.55
5,84.35,26.96,0.63,5.18,32.73,22.41,20.32
10,82.51,40.53,0.5,6.28,32.55,22.26,26.08
5,83.2,24.68,0.94,6.37,32.11,16.64,20.19
8,84.34,28.51,0.7,7.21,34.08,14.53,31.1
9,100.38,44.29,0.45,9.23,32.41,24.14,33.44
4,99.8,46.97,0.94,5.79,33.39,16.26,18.49
3,81.3,50.33,1.29,5.15,31.85,18.89,14.35
2,79.05,48.07,0.68,3.85,33.27,17.16,15.58
3,85.7,48.01,0.74,4.11,32.41,15.65,16.88
4,96.72,15.89,0.85,5.87,33.08,20.62,25.64
3,66.17,25.32,1.07,6.1,33.25,21.01,26.6
3,65.02,25.97,0.6,5.68,32.6,16.72,9.81
3,76.99,15.0,0.93,4.7,33.18,19.11,8.05
9,111.32,10.62,0.2,9.69,32.44,23.58,39.05
10,90.13,8.0,0.54,9.35,32.71,25.55,41.65
3,83.3,52.77,0.65,5.55,33.91,17.5,18.86
7,88.57,10.23,0.61,7.26,31.22,16.45,24.61
9,106.8,12.16,0.68,3.82,31.89,21.32,24.14
2,69.68,44.29,0.84,4.05,33.09,15.28,8.2
4,99.02,11.85,1.19,4.96,33.83,13.69,20.05
3,79.44,27.37,0.75,5.61,33.38,14.07,14.48
4,82.44,33.58,1.21,4.77,33.37,16.8,13.17
7,106.94,18.29,0.33,8.17,31.82,20.74,31.46
7,89.37,11.35,0.48,8.24,30.66,16.75,32.98
5,89.42,33.86,0.57,6.31,32.77,23.09,30.55
0,63.36,42.09,0.93,4.08,33.36,17.83,9.41
8,102.46,15.91,0.43,6.75,32.54,22.16,30.59
0,75.08,43.85,0.9,3.57,34.05,15.54,10.36
9,98.28,9.0,0.55,9.78,30.81,22.0,45.42
2,92.15,49.34,0.45,6.38,32.81,16.67,19.61
1,74.51,45.93,0.92,4.92,32.65,15.11,12.69
7,69.41,25.21,0.74,5.71,32.7,20.29,30.58
9,81.16,8.0,0.35,7.2,32.41,16.88,31.37
2,82.76,51.19,0.74,5.5,32.84,15.89,13.5
6,92.49,25.46,0.61,7.42,31.33,15.64,42.7
8,90.57,8.67,0.25,8.1,31.44,23.05,36.18
8,107.26,23.29,0.8,5.1,31.5,18.48,26.56
8,79.56,28.83,0.67,6.54,32.71,20.75,19.68
8,105.3,13.89,0.57,7.14,31.14,14.98,28.72
0,60.56,68.28,1.12,3.62,33.97,13.01,3.76
6,79.15,23.8,0.65,6.38,32.71,19.25,8.73
10,80.65,8.0,0.36,8.52,31.37,20.38,36.72
8,81.78,33.02,0.43,7.55,31.94,21.74,26.57
9,85.46,38.37,0.56,7.89,34.13,20.88,27.58
1,70.44,56.5,1.08,4.09,33.62,15.31,11.24
5,80.48,24.59,0.85,6.29,31.45,15.43,28.82
6,95.65,37.44,0.56,6.85,32.6,21.86,27.69
10,87.34,36.79,0.49,5.74,32.35,22.1,23.7
8,83.06,8.47,0.65,6.34,33.67,16.51,29.55
1,95.74,35.74,1.13,3.45,33.3,19.78,20.01
5,86.97,33.16,0.8,5.95,31.99,20.54,33.52
5,87.94,14.05,0.78,4.22,32.78,20.78,14.07
6,83.28,39.0,0.64,6.17,31.95,19.21,39.88
10,106.72,9.27,0.54,11.12,32.55,23.36,45.74
9,98.01,25.34,0.66,9.03,32.29,20.95,31.91
10,98.3,8.0,0.46,10.71,30.71,19.61,42.65
0,60.49,58.23,0.78,2.57,33.65,16.71,7.99
6,87.44,36.28,0.68,7.39,32.44,19.39,34.0
3,75.27,36.75,0.95,4.93,33.19,16.93,18.33
7,106.04,8.0,0.8,8.16,31.97,19.11,36.38
5,78.4,32.46,0.74,6.67,34.08,15.0,13.36
2,83.83,31.84,0.7,5.55,32.95,18.75,9.6
10,75.54,8.23,0.74,9.57,33.25,17.09,25.17
3,75.72,20.11,0.86,5.04,32.89,18.32,12.56
7,93.94,29.72,0.55,5.59,30.7,17.15,37.5
4,73.27,47.72,0.55,5.31,32.64,16.14,19.89
8,108.84,19.04,0.62,6.93,32.05,19.64,25.33
3,68.18,45.72,0.73,5.24,33.19,19.21,17.26
7,99.23,31.93,0.79,9.21,32.22,25.12,39.41
6,90.46,33.48,0.63,6.86,32.65,19.27,30.54
10,82.58,36.36,0.28,7.22,32.57,20.97,27.93
10,91.56,8.0,0.57,8.68,32.38,23.84,41.64
6,79.1,18.26,0.77,5.91,33.02,19.25,22.2
4,73.15,27.09,0.7,6.02,34.24,14.02,21.94
3,83.39,25.38,1.05,5.88,33.15,17.29,27.68
5,64.56,22.93,0.57,5.59,32.38,18.42,20.95
9,108.47,23.11,0.57,11.01,31.88,28.36,49.51
0,61.41,53.29,0.95,4.42,34.42,11.91,6.82
2,95.35,37.42,1.23,4.96,34.39,16.66,17.35
9,81.42,8.0,0.69,7.32,32.99,27.21,35.08
9,97.4,8.0,0.61,9.41,32.85,25.75,41.86
3,92.08,50.74,0.93,5.23,34.15,20.6,27.04
3,87.28,29.72,0.9,3.23,32.19,18.62,17.89
7,86.95,10.13,0.68,6.75,33.3,19.82,35.25
7,72.38,34.51,0.65,7.15,32.84,20.96,25.48
5,72.57,31.03,0.73,5.56,32.53,17.79,22.31
2,76.83,33.38,0.85,4.42,32.98,15.64,13.61
9,96.97,8.0,0.2,8.81,32.6,22.05,42.14
4,90.7,21.92,0.57,5.73,34.15,20.03,24.67
9,105.43,14.95,0.56,8.94,33.11,19.83,27.0
1,66.25,33.95,1.02,5.29,31.16,9.31,25.81
6,68.14,40.33,0.73,5.8,33.24,17.98,21.28
8,83.26,50.54,0.49,6.46,33.99,19.55,23.46
6,86.64,53.6,0.68,6.72,34.25,17.88,24.27
8,93.44,50.65,0.71,7.96,33.59,22.81,35.55
3,89.0,25.33,0.9,3.72,32.46,18.74,27.94
7,101.59,59.81,0.85,7.07,34.08,19.13,31.62
3,69.91,18.42,1.01,5.39,33.02,21.46,22.46
8,105.37,37.46,0.2,9.67,33.52,20.37,40.91
0,77.24,35.8,0.92,2.73,32.96,14.08,13.77
4,66.15,22.42,0.54,4.89,32.28,17.94,21.41
2,80.88,44.21,1.36,3.48,31.83,17.55,13.3
2,87.94,35.42,0.87,3.52,32.54,12.96,22.52
5,75.98,41.01,0.5,6.17,32.88,21.61,26.36
0,72.4,39.14,1.32,2.71,31.94,17.15,14.0
1,87.52,32.5,1.06,2.74,32.9,16.42,18.66
3,86.6,26.47,0.89,5.32,32.95,17.56,7.75
9,104.7,26.24,0.74,8.14,33.44,18.43,31.49
0,63.22,51.76,1.12,3.38,34.39,13.18,11.81
4,75.36,41.62,0.72,5.51,32.38,15.43,29.69
4,72.77,26.27,0.89,5.81,34.44,15.62,13.91
0,84.42,35.99,1.14,3.8,33.91,11.05,19.39
2,79.35,42.84,0.68,3.25,33.05,20.7,18.78
5,97.85,26.86,0.81,5.31,33.16,17.41,13.1
9,92.99,8.0,0.2,8.89,31.37,23.08,35.09
5,86.09,21.06,0.92,7.32,33.87,19.73,37.64
5,101.93,29.49,0.96,5.38,34.22,17.65,23.88
10,83.65,25.22,0.66,7.4,33.13,23.79,43.81
8,76.88,49.93,0.56,5.39,33.11,22.09,23.31
8,86.81,50.54,0.78,8.04,33.71,20.95,18.97
6,66.85,30.84,0.76,5.94,32.79,21.36,27.93
2,75.17,17.23,0.98,4.75,32.63,14.16,20.81
0,77.42,59.47,1.14,1.73,34.09,14.46,13.34
9,89.41,52.87,0.36,6.98,33.5,21.29,27.39
2,76.67,21.94,0.72,5.06,31.29,14.63,28.02
3,77.43,60.15,0.85,4.49,34.44,15.9,18.11
4,76.67,19.73,0.68,6.07,32.76,20.18,17.35
7,102.79,26.17,0.63,7.92,31.28,20.97,35.85
8,92.15,34.08,0.63,7.64,34.09,22.64,23.21
3,75.56,33.24,0.8,6.49,31.08,14.73,29.33
4,73.77,20.75,0.96,5.36,33.48,18.61,23.73
9,104.79,8.0,0.33,8.32,32.3,23.1,34.7
10,85.73,19.71,0.47,9.62,32.55,22.1,27.62
4,97.15,10.81,0.86,6.21,32.92,14.26,25.02
6,95.3,19.25,0.79,4.69,32.15,22.82,22.76
6,80.8,8.0,0.49,7.53,30.52,16.79,28.24
3,76.63,25.69,1.1,5.39,31.96,15.05,24.35
9,88.4,8.0,0.48,9.3,32.99,23.22,41.38
4,93.52,44.77,0.83,5.1,33.27,17.83,22.98
1,55.95,37.28,0.7,2.97,33.14,14.69,9.66
1,74.87,15.21,0.86,3.65,33.42,13.99,3.9
7,89.2,8.0,0.56,9.1,32.36,22.83,23.68
10,80.67,16.04,0.72,6.46,32.53,18.16,22.05
6,76.67,10.06,0.79,7.05,33.57,21.97,33.42
7,91.23,28.21,0.44,7.67,31.97,16.61,25.12
10,94.22,17.34,0.57,8.42,32.18,26.43,31.75
7,100.25,16.32,0.2,8.97,32.28,21.07,32.44
0,76.09,36.28,0.88,3.99,33.18,13.39,15.12
0,66.53,35.87,1.13,4.35,33.51,12.25,9.77
9,95.85,41.0,0.77,8.5,33.41,22.5,33.74
10,106.37,8.0,0.5,9.11,31.55,25.78,43.81
2,77.54,66.28,1.11,4.2,34.58,17.83,11.17
9,103.06,8.0,0.25,9.77,31.67,26.02,40.57
2,74.94,34.47,1.0,4.97,33.08,18.44,24.13
2,77.71,36.28,0.86,5.16,33.19,16.0,18.12
1,68.28,63.35,0.71,2.67,32.51,18.73,14.27
10,87.8,41.68,0.5,8.45,33.88,22.56,30.3
2,74.26,24.94,0.79,4.41,33.26,22.03,23.55
0,83.32,43.65,0.71,2.68,32.93,13.66,11.28
4,80.5,30.19,0.9,6.94,34.09,19.96,27.32
2,87.44,32.61,1.26,4.1,34.35,10.89,18.73
1,74.26,42.19,0.77,2.46,32.65,15.2,22.89
5,81.24,57.95,0.62,6.1,34.17,17.81,25.13
9,83.96,10.7,0.87,4.91,32.45,15.83,18.27
9,109.0,8.0,0.52,9.93,32.97,24.08,45.19
0,81.5,26.29,1.04,3.18,33.94,13.52,4.0
4,93.37,31.33,0.62,5.06,30.93,19.04,21.2
8,106.27,11.44,0.75,7.44,32.77,21.22,37.5
1,84.7,41.74,0.74,3.72,32.4,16.11,16.62
7,97.3,28.01,0.58,5.32,33.21,19.72,30.69
4,82.27,47.14,0.94,4.96,35.01,21.21,20.15
8,84.29,29.18,0.36,8.25,32.46,19.92,27.55
8,109.62,26.58,0.69,8.55,31.39,17.96,47.4
8,100.94,34.73,0.24,9.19,32.34,21.25,41.14
5,95.58,26.66,1.16,4.83,33.05,19.41,28.26
9,87.77,44.87,0.38,4.99,32.67,20.2,26.1
2,82.58,25.74,0.76,4.79,33.46,18.37,18.94
6,70.37,29.18,0.78,6.71,33.0,19.15,23.72
8,90.22,9.2,0.63,8.26,31.36,15.7,26.31
7,84.58,8.51,0.61,7.83,32.41,23.43,22.84
4,76.06,41.14,0.99,5.75,34.09,19.25,29.88
2,83.48,10.92,0.96,4.02,33.1,15.09,8.35
8,77.24,47.87,0.45,4.49,31.99,18.63,27.82
3,74.43,38.87,0.86,4.16,32.35,18.33,19.52
3,83.29,53.26,0.89,4.48,34.21,18.91,19.29
9,97.12,8.0,0.45,9.21,32.46,20.71,34.98
7,103.77,34.87,0.76,6.76,33.12,19.72,24.61
8,89.69,15.93,0.62,6.76,32.09,19.42,35.07
3,84.07,38.38,0.8,5.06,32.75,20.28,28.78
1,63.31,36.74,1.07,2.99,33.9,16.29,15.87
5,79.53,37.66,0.75,6.67,32.02,15.94,22.49
7,88.95,26.17,0.56,7.69,32.04,17.63,17.14
9,109.95,8.0,0.47,11.18,32.18,19.11,31.84
2,80.26,40.38,0.78,5.6,33.47,15.6,15.31
5,90.54,58.36,0.6,4.75,34.75,17.85,19.25
0,81.56,50.27,0.78,2.87,33.77,14.86,6.01
4,74.09,18.01,0.9,5.07,32.94,20.16,13.85
4,83.98,39.0,1.15,6.72,32.24,19.62,35.08
10,109.37,8.0,0.36,12.06,31.45,28.7,48.59
3,83.49,48.19,0.97,5.0,33.02,15.12,18.42
7,72.63,31.72,0.68,7.02,32.63,18.12,23.05
3,93.21,24.71,0.82,6.21,33.45,17.05,18.02
3,77.32,38.74,0.87,5.71,33.14,14.59,24.77
10,105.39,40.85,0.73,8.69,33.16,22.15,36.45
1,85.14,38.31,0.33,5.17,33.64,14.77,18.27
2,68.09,43.19,0.78,5.32,34.29,17.59,3.0
3,86.25,18.1,0.45,5.01,32.27,15.1,21.12
2,89.33,43.29,1.17,3.87,33.83,17.71,15.29
5,78.7,16.26,0.63,6.17,33.05,22.07,33.21
0,84.76,40.73,0.66,3.98,32.28,16.99,7.01
3,85.72,36.34,1.08,5.71,34.34,19.05,22.66
10,102.17,20.48,0.21,7.09,33.25,21.35,32.52
8,99.88,10.08,0.42,8.06,31.98,23.52,38.62
1,76.56,23.96,0.87,3.79,32.3,17.76,17.77
4,72.84,15.18,0.76,7.21,34.4,12.73,17.29
10,98.49,17.09,0.73,8.06,30.85,21.95,33.58
6,88.55,39.0,0.62,6.76,32.88,18.78,26.54
0,61.58,28.71,0.86,3.76,33.34,17.21,3.8
6,81.95,53.45,0.79,4.13,32.58,18.8,27.19
10,109.43,14.8,0.61,11.21,32.18,26.2,42.11
0,66.18,58.89,1.0,3.43,34.23,13.22,11.76
7,72.57,27.77,0.79,7.14,32.72,21.84,27.69
9,100.93,11.92,0.49,7.85,32.3,22.21,39.89
6,77.04,34.51,0.79,6.68,31.86,16.39,37.76
8,96.59,48.2,0.8,7.39,33.41,21.7,29.14
2,84.38,54.62,1.03,5.28,34.1,17.91,19.47
3,69.52,31.17,0.69,4.41,32.86,18.17,20.78
1,78.35,24.14,1.14,4.24,32.16,12.29,19.52
0,64.59,20.14,0.84,3.31,34.87,9.97,15.96
8,95.21,27.39,0.52,9.91,33.11,21.99,33.8
0,72.69,47.62,1.01,5.09,33.77,17.44,13.76
2,69.19,35.22,0.6,4.65,32.84,20.62,19.76
6,94.19,22.85,0.23,9.61,32.88,21.26,29.65
1,67.12,43.8,1.01,4.26,33.64,18.17,17.0
7,85.27,18.56,0.65,6.29,32.51,20.77,14.86
8,88.8,23.11,0.59,7.82,31.92,16.97,30.93
4,86.23,24.6,0.72,4.98,33.02,15.2,21.74
4,97.77,25.99,0.84,5.16,32.86,19.02,20.17
1,77.24,40.0,0.85,5.38,33.49,15.59,15.98
9,104.43,8.0,0.71,8.09,32.4,23.97,37.12
6,84.98,26.29,0.48,6.75,32.49,19.61,27.43
2,83.65,28.52,1.19,5.47,33.43,15.04,23.39
4,98.37,23.76,1.15,4.92,34.5,15.39,23.99
3,77.62,41.53,0.75,6.72,32.87,19.4,14.7
7,86.72,36.77,0.44,7.88,32.37,16.55,40.28
9,109.05,19.23,0.2,10.55,32.34,22.09,38.5
4,80.88,39.41,0.96,6.13,33.46,18.3,30.66
8,95.48,8.0,0.53,6.9,31.68,21.83,29.48
5,96.29,15.67,0.89,3.52,31.97,19.28,21.05
9,106.74,19.34,0.35,9.09,32.31,20.82,40.43
9,83.9,8.0,0.41,8.07,32.53,24.18,40.99
6,89.11,39.55,0.75,7.73,31.71,16.22,27.84
5,79.71,31.27,0.79,6.54,32.36,16.83,20.83
5,96.66,38.37,0.85,5.37,33.62,19.52,23.32
6,88.5,24.82,1.11,5.91,31.22,19.97,34.6
0,87.09,30.72,1.07,1.15,33.29,15.19,15.91
0,91.99,30.45,1.07,3.51,33.79,18.04,16.46
3,75.37,27.72,0.85,6.55,32.99,20.17,22.64
6,84.2,24.66,0.7,7.0,32.43,18.34,27.48
9,101.29,25.23,0.2,10.39,32.19,21.92,43.48
1,74.64,66.28,0.79,2.92,34.78,16.04,14.12
3,89.23,30.75,0.68,3.21,33.07,20.81,15.56
4,92.74,21.44,0.94,4.87,32.48,20.4,21.6
10,110.96,9.91,0.49,9.82,31.23,22.32,51.69
0,65.64,24.15,0.89,4.07,34.9,11.53,8.34
6,88.37,31.13,0.7,7.06,34.56,17.57,21.12
7,83.72,8.0,0.72,5.08,32.47,17.07,12.55
5,96.08,15.26,0.7,5.72,33.09,19.55,32.9
1,62.27,48.1,0.73,4.11,34.54,13.51,10.34
1,65.14,37.45,0.91,5.25,31.42,14.11,19.28
7,85.02,43.92,0.58,5.84,33.95,18.81,24.57
8,93.67,17.18,0.9,6.81,31.09,18.75,33.6
0,73.94,15.76,0.86,3.51,33.4,13.28,5.61
9,109.85,8.0,0.28,9.17,31.94,19.96,32.98
6,90.04,44.28,0.62,9.2,33.6,22.5,29.51
2,68.4,45.94,0.91,5.2,32.49,16.05,18.39
2,87.98,43.05,0.38,6.57,32.87,18.48,20.66
2,83.12,27.96,1.06,2.94,32.39,19.93,11.37
6,100.37,29.86,0.75,7.73,31.7,21.01,37.89
0,75.52,41.78,0.73,2.26,34.13,16.29,8.12
6,92.06,41.83,0.6,4.69,30.75,18.61,26.26
7,92.94,23.94,0.99,7.02,31.38,20.71,16.77
1,71.63,29.87,0.99,4.67,34.66,11.57,16.46
9,104.73,13.99,0.2,7.0,33.2,16.84,32.29
3,74.81,21.4,1.02,5.85,33.23,21.01,23.83
5,76.83,40.19,0.8,6.87,31.86,18.48,34.08
7,87.93,19.35,0.48,6.76,33.09,17.82,26.32
6,97.77,22.75,0.86,4.16,31.76,21.6,20.33
8,96.85,13.64,0.61,11.07,32.55,22.14,40.64
10,107.66,27.12,0.57,10.85,32.03,23.93,46.52
9,99.38,18.34,0.4,7.42,32.29,19.64,41.89
6,99.6,15.25,0.72,6.37,33.12,18.07,25.19
1,72.63,51.94,0.96,4.89,34.3,17.78,7.42
3,75.51,11.0,0.93,4.3,33.1,18.31,6.56
3,85.09,44.48,0.72,3.87,31.6,12.54,21.74
0,74.28,56.9,1.11,3.14,34.79,18.37,8.96
8,92.06,36.34,0.48,7.63,32.18,20.65,45.15
2,74.36,34.84,1.27,4.27,34.17,17.37,21.2
5,87.97,15.31,0.87,5.45,31.71,21.69,27.87
4,77.65,22.62,0.87,5.99,33.16,18.12,25.16
10,82.79,19.49,0.82,4.41,32.24,16.85,23.27
10,117.98,12.59,0.56,9.42,31.74,21.93,43.57
0,83.22,29.26,1.03,1.54,32.56,15.72,21.29
4,80.56,19.76,1.03,5.6,32.1,13.88,20.55
5,83.15,30.36,0.63,6.19,32.59,19.8,30.69
10,105.49,14.65,0.67,5.5,31.76,21.1,24.28
10,110.9,25.91,0.47,9.97,32.31,26.37,38.17
6,94.94,54.42,0.88,6.06,34.03,20.02,22.24
6,89.95,17.77,0.64,5.57,32.76,20.56,15.67
0,87.76,67.37,1.05,4.29,33.91,12.2,14.59
9,100.02,8.0,0.32,9.76,32.53,19.09,36.12
5,91.83,14.08,0.86,6.92,33.14,19.01,33.85
9,104.77,9.33,0.22,10.53,32.57,22.2,40.73
1,82.19,36.26,1.07,4.8,33.85,15.41,15.28
8,104.71,11.33,0.61,7.58,33.24,24.77,35.95
6,76.66,23.19,0.69,7.02,32.41,16.65,22.9
10,94.6,8.0,0.78,9.13,32.45,27.03,47.0
4,90.26,22.29,1.09,4.25,34.0,17.77,15.42
5,74.48,31.71,0.83,7.14,33.03,20.62,25.39
5,93.6,24.92,0.64,4.55,32.93,18.93,18.34
3,78.08,44.45,0.97,4.69,34.05,18.4,16.79
8,78.01,20.84,0.77,7.29,32.85,24.96,27.73
7,90.59,10.44,0.67,7.99,32.66,22.74,32.1
3,74.59,38.33,1.02,5.73,34.17,19.22,25.73
1,77.34,10.2,0.89,4.39,33.44,14.45,3.0
8,85.48,10.65,0.63,8.7,32.21,24.43,42.29
10,87.38,35.7,0.53,9.14,32.68,21.23,43.17
6,89.31,34.71,1.13,5.81,32.95,21.2,24.23
1,82.2,50.78,1.07,3.33,33.62,16.03,13.53
5,90.53,13.28,0.66,6.68,33.36,21.44,34.45
2,66.13,30.81,0.74,4.98,33.25,16.77,13.64
7,94.14,30.77,0.47,5.63,33.39,17.82,25.12
7,91.88,14.44,0.37,6.86,32.77,20.89,26.07
1,68.97,29.03,0.84,5.1,33.19,15.95,16.22
10,77.28,14.49,0.26,7.12,31.58,19.21,29.81
8,106.22,24.27,0.45,5.27,31.04,16.82,35.6
7,99.28,9.27,0.3,5.76,33.43,18.92,27.22
4,76.57,15.17,0.72,5.67,33.0,21.0,10.65
0,64.38,48.91,1.07,3.75,32.76,12.3,3.0
0,72.14,38.8,1.17,3.68,33.84,15.97,12.95
5,100.08,16.97,1.01,6.18,33.98,17.66,25.93
4,95.02,28.25,0.74,7.02,31.68,16.55,28.82
3,72.48,23.8,0.75,5.46,33.47,20.66,11.87
10,81.56,20.76,0.69,7.65,33.05,23.62,33.54
2,73.37,44.41,1.1,4.09,31.19,17.36,14.95
9,80.14,34.04,0.45,8.61,32.75,21.91,29.42
10,90.19,48.49,0.35,7.52,33.12,23.0,28.72
6,77.49,62.43,0.65,5.53,33.19,20.03,22.49
6,68.11,8.0,0.49,6.42,31.97,16.52,15.52
1,62.77,54.5,0.77,4.24,32.96,16.08,15.35
7,97.09,13.84,0.61,7.09,31.75,20.49,43.04
5,82.06,40.53,0.78,6.56,32.84,17.03,28.13
1,73.36,49.86,0.91,3.38,32.66,14.56,24.88
4,87.47,33.77,0.66,5.43,32.61,19.48,19.95
10,92.47,8.0,0.71,9.25,32.3,24.35,45.75
6,69.43,22.96,0.61,6.18,32.17,18.15,19.36
8,86.76,14.1,0.59,6.96,32.24,20.18,22.63
3,63.58,32.75,0.91,3.67,33.51,20.18,27.61
0,66.92,41.1,0.98,2.76,33.87,15.39,7.13
1,54.02,48.22,0.82,3.31,33.84,19.0,19.6
9,96.07,23.52,0.44,6.6,30.5,19.55,31.06
10,109.74,11.95,0.61,9.29,33.18,23.11,44.93
1,85.23,32.93,1.12,3.85,33.4,15.35,26.86
9,106.87,9.43,0.72,9.12,31.74,20.32,43.8
6,96.54,37.09,0.78,6.27,33.38,19.74,20.99
1,76.71,38.92,0.86,2.95,33.8,15.43,13.02
2,83.64,43.56,1.32,3.73,31.55,15.26,17.96
4,82.59,34.95,1.0,5.17,32.3,16.67,23.8
7,96.16,43.65,0.71,6.62,34.46,19.92,31.27
2,60.18,37.95,0.71,4.86,34.02,12.86,12.18
5,100.2,21.54,0.88,6.59,31.7,16.4,29.04
9,86.91,8.0,0.75,7.93,32.45,24.75,38.22
8,84.35,20.4,0.66,8.23,34.52,19.37,25.92
5,92.93,19.34,1.0,6.97,33.03,18.58,33.64
7,86.18,14.34,0.75,7.16,31.84,18.05,33.47
5,96.58,21.86,0.79,3.53,31.7,17.91,23.78
10,119.22,8.0,0.55,11.27,32.67,21.73,36.84
6,76.93,28.22,0.42,6.24,32.59,16.37,18.82
3,82.3,32.33,0.67,5.86,31.38,14.38,30.25
7,103.26,30.06,0.2,8.15,32.23,20.35,28.35
5,87.79,29.37,0.53,4.46,33.54,16.66,16.42
4,60.46,42.8,0.74,4.26,33.25,20.04,25.11
7,90.1,25.83,0.76,6.99,32.75,20.5,29.0
9,82.45,14.49,0.4,7.61,32.18,20.2,24.54
10,88.03,43.81,0.61,9.27,34.25,24.77,33.17
5,89.1,27.28,0.45,5.29,33.47,16.87,22.24
4,85.89,46.09,1.13,5.31,31.82,19.71,20.36
8,87.13,29.0,0.64,7.25,34.45,20.63,21.48
1,68.45,39.2,0.97,3.9,33.06,15.94,18.64
6,87.72,31.98,0.73,6.9,32.3,18.65,29.62
0,74.77,68.54,1.23,3.43,34.77,16.13,16.6
9,100.11,25.48,0.46,10.2,33.16,23.72,27.48
8,75.51,13.24,0.38,6.87,31.76,19.38,30.44
6,84.93,40.26,0.67,6.29,32.06,17.12,31.81
0,64.7,29.64,0.95,3.87,33.69,17.54,4.67
3,72.04,42.84,0.65,4.74,32.39,15.48,15.69
5,93.03,10.01,0.56,6.97,32.79,20.33,25.38
8,88.33,53.9,0.56,5.15,32.31,20.17,20.94
3,98.15,51.35,1.14,4.35,33.44,15.79,10.2
7,90.78,29.6,0.62,9.19,32.98,21.53,33.65
0,81.76,62.02,1.13,3.68,34.78,16.46,7.74
1,76.62,51.8,1.26,4.21,33.48,15.11,19.97
9,107.62,15.55,0.89,6.93,33.7,17.58,33.42
0,78.07,41.41,1.06,3.55,32.07,11.99,12.46
0,75.7,31.94,1.28,4.7,32.45,11.51,7.93
6,65.18,38.25,0.47,4.81,33.14,19.33,30.84
10,108.39,20.59,0.24,11.38,31.38,26.33,48.09
10,77.13,24.73,0.37,7.52,32.25,23.6,28.23
10,100.79,15.09,0.92,8.13,32.86,22.34,34.14
8,78.9,8.0,0.5,6.43,32.24,22.16,26.7
2,58.31,44.92,0.8,4.16,32.89,16.95,13.77
3,79.86,20.82,0.95,6.2,31.73,16.08,12.4
0,66.42,57.83,1.04,2.61,35.08,15.88,13.99
5,76.55,20.97,0.76,6.12,33.37,20.07,22.73
2,66.98,37.14,0.9,3.97,33.15,16.46,12.26
0,90.58,42.82,1.09,3.87,33.81,15.2,8.41
2,52.85,45.94,0.87,2.65,33.36,16.46,22.22
0,67.74,49.45,0.96,4.34,34.98,14.48,14.84
10,111.08,8.0,0.2,8.89,31.61,22.62,38.89
2,66.02,26.72,1.12,3.77,33.67,14.81,18.33
3,82.93,50.49,0.65,3.11,32.66,18.31,19.29
8,104.66,29.41,0.74,8.55,32.93,18.35,27.1
1,70.13,53.29,0.91,4.12,32.57,11.79,6.2
5,87.17,37.21,0.87,7.5,34.19,19.2,27.19
4,77.78,31.98,0.64,5.73,32.99,19.5,18.27
1,75.28,52.25,0.85,4.53,33.09,16.12,29.41
0,73.64,41.03,0.61,1.17,34.39,11.89,11.18
8,78.62,13.32,0.36,9.06,31.1,19.24,31.24
1,91.3,59.36,0.98,4.73,33.65,11.43,5.19
0,64.72,43.28,0.58,3.12,32.82,14.39,16.25
10,104.92,8.0,0.32,10.1,32.48,20.61,39.65
4,85.06,39.49,1.1,6.47,31.68,19.07,25.98
5,69.89,37.93,0.65,4.56,33.37,20.55,22.61
4,78.44,14.42,0.94,6.0,33.29,22.69,32.19
8,102.88,23.91,0.59,6.02,31.1,19.65,34.84
7,107.12,17.63,0.9,7.36,33.53,15.76,27.78
9,69.8,32.54,0.47,7.28,33.02,21.38,35.95
3,86.77,29.17,0.74,3.96,31.55,16.08,21.88
9,89.57,9.96,0.48,8.95,32.08,22.28,38.56
2,62.31,25.99,0.97,2.78,33.98,15.73,15.97
9,94.01,12.79,0.56,6.84,32.27,17.71,11.41
3,88.24,64.97,0.92,4.95,33.53,19.71,20.3
7,93.99,28.75,1.09,6.65,33.59,20.81,18.49
8,89.77,8.0,0.22,7.53,31.52,21.09,34.58
8,101.52,18.4,0.99,6.74,33.6,21.14,27.38
6,92.47,21.99,1.18,4.82,33.29,19.52,27.9
10,114.65,8.0,0.5,10.37,32.1,20.03,39.84
7,96.2,34.92,0.53,8.61,32.91,20.59,33.98
3,82.29,32.49,0.8,5.55,33.37,18.65,18.32
5,95.23,32.62,0.51,5.44,32.22,17.54,29.14
4,89.16,36.71,0.96,5.79,32.13,14.7,30.82
7,100.59,19.89,0.63,7.45,32.03,19.85,38.59
10,88.47,44.19,0.31,8.56,34.17,20.37,24.99
10,103.66,26.81,0.87,7.96,30.65,21.14,39.23
5,85.25,22.75,0.89,7.05,33.62,20.98,32.67
2,70.36,37.95,0.84,5.67,31.24,12.46,21.0
9,110.62,8.0,0.34,9.48,33.27,21.89,34.03
1,62.49,36.33,0.36,4.3,33.41,13.76,14.84
8,82.47,35.95,0.37,7.8,32.01,18.03,28.89
5,94.49,22.34,0.35,7.51,32.35,19.63,30.98
9,101.83,36.97,0.56,9.28,32.95,21.8,45.81
10,99.96,14.06,0.6,11.13,32.65,24.87,54.77
5,84.78,29.57,1.04,8.03,33.05,21.93,32.73
0,66.24,32.23,1.05,3.02,32.07,12.15,16.05
5,86.03,28.8,0.7,5.68,32.65,16.18,32.37
3,75.06,41.37,0.92,5.58,32.99,15.48,15.95
6,77.99,15.77,0.79,4.55,32.84,16.91,16.58
4,87.47,28.11,0.86,3.81,31.29,16.19,22.41
2,64.97,34.57,0.5,4.45,32.05,15.85,24.47
6,63.74,45.11,0.72,7.12,33.61,16.52,22.4
0,68.38,31.11,0.79,3.41,33.07,19.59,4.37
8,89.61,25.49,0.47,8.22,31.98,18.98,25.75
0,75.3,34.85,0.81,2.36,33.52,15.0,15.49
5,89.14,38.13,0.59,5.89,33.06,20.55,18.79
9,112.96,25.72,0.2,10.53,32.62,25.78,37.66
6,99.11,23.19,0.73,7.88,32.51,16.24,29.12
6,76.33,12.41,0.45,6.43,32.03,17.04,21.76
2,84.45,40.56,1.24,4.28,33.89,16.27,12.46
10,81.08,24.86,0.41,7.95,33.12,22.41,35.4
10,89.58,24.66,0.57,8.74,31.27,18.93,43.08
9,83.21,14.7,0.61,8.57,33.65,20.11,25.75
7,102.09,36.78,0.7,6.52,32.82,20.73,24.21
0,83.47,45.66,0.76,1.86,34.17,13.32,4.37
6,98.62,54.37,0.77,6.42,33.52,18.96,34.07
3,76.67,64.55,0.65,4.54,34.52,16.47,12.6
0,89.84,48.62,1.05,4.22,33.23,14.45,3.58
3,77.41,41.04,0.73,4.84,33.42,19.49,24.55
5,94.3,15.16,0.75,7.67,32.87,18.25,27.09
7,103.12,12.61,0.36,9.48,32.18,19.49,28.62
2,73.23,66.04,0.88,3.28,34.31,15.77,13.22
10,101.26,22.21,0.83,8.79,30.99,22.99,36.56
6,98.32,23.09,0.64,7.67,32.03,22.99,36.31
3,86.28,31.44,0.62,5.24,33.81,15.72,15.08
7,86.5,22.44,0.75,7.42,32.51,21.75,42.21
10,91.63,12.92,0.25,10.21,31.53,21.57,42.88
7,95.91,30.23,0.59,7.14,32.44,20.11,30.05
0,82.53,44.32,0.9,4.35,32.79,15.3,13.64
10,78.62,10.07,0.32,6.79,31.66,19.11,40.08
4,87.01,23.93,0.63,2.96,32.21,17.54,18.73
8,92.88,46.13,0.93,6.76,33.72,23.79,25.94
7,91.28,23.05,0.78,9.01,33.1,25.35,46.48
8,82.81,9.86,0.36,9.01,32.57,24.61,22.23
3,75.71,41.83,0.76,5.5,32.22,16.11,25.86
8,93.72,12.93,0.34,6.34,33.85,17.99,29.65
8,81.13,8.0,0.73,9.16,33.47,15.93,31.22
10,99.1,44.66,0.3,7.38,33.83,18.91,36.2
0,67.04,50.61,0.88,2.92,33.2,16.63,11.36
2,83.02,39.17,0.91,5.0,33.12,18.42,15.8
4,81.26,35.64,0.63,5.69,31.99,15.81,34.43
1,76.91,58.16,1.24,4.52,33.59,18.69,18.26
10,92.02,8.0,0.24,9.41,32.0,25.6,32.84
3,85.78,31.93,0.86,2.32,32.38,18.86,17.5
6,91.91,16.15,0.76,4.56,31.75,19.48,27.85
5,84.98,12.28,0.75,2.88,33.9,17.6,12.32
3,73.32,24.12,1.0,5.57,34.82,11.78,12.54
7,97.86,28.08,0.71,9.29,32.03,22.33,41.16
0,64.44,52.12,0.79,3.64,33.26,17.69,12.44
8,95.23,30.85,0.75,8.93,33.43,19.04,37.24
1,73.4,34.71,0.69,3.47,34.25,15.1,12.29
4,79.25,33.66,0.58,5.0,32.26,18.76,8.52
10,87.43,16.59,0.58,9.2,32.72,21.39,26.33
6,103.61,16.76,0.67,7.34,32.94,16.16,31.26
9,116.6,8.0,0.52,9.17,32.46,17.46,33.5
1,82.13,31.81,0.87,3.04,31.73,11.9,24.46
6,71.23,8.0,0.89,7.23,32.62,19.69,27.69
6,71.46,8.0,0.51,6.66,31.56,15.65,18.68
9,86.55,32.08,0.59,9.58,34.35,20.4,30.29
5,74.61,21.73,0.77,6.19,34.32,15.18,18.95
7,89.45,24.06,0.58,6.76,32.79,22.21,18.99
2,71.92,29.08,0.84,5.35,31.61,17.15,24.87
3,86.44,31.62,1.0,3.95,33.44,16.08,21.32
10,120.89,21.47,0.39,11.45,30.99,28.57,48.89
8,111.88,8.0,0.35,8.64,33.02,21.15,29.76
4,86.34,57.14,0.92,4.47,33.47,16.75,21.68
10,108.81,21.13,0.45,12.54,31.48,25.92,51.73
0,73.19,43.61,1.46,3.8,31.87,16.36,13.14
2,56.73,16.97,0.85,3.6,32.56,14.41,10.28
1,66.0,25.92,0.92,4.33,33.37,20.74,7.68
5,72.92,42.54,0.64,5.7,32.48,19.97,19.89
10,96.25,10.57,0.29,7.23,33.01,19.22,32.22
2,61.99,64.17,0.75,4.15,33.74,15.74,6.84
5,82.69,11.3,0.38,6.65,32.36,18.64,20.3
7,96.17,13.21,0.43,6.81,32.54,21.21,19.03
5,100.71,14.42,0.83,7.84,33.01,16.67,30.35
1,60.46,27.44,0.49,3.67,32.41,15.22,9.83
0,76.95,41.18,0.83,2.09,31.75,13.51,14.29
8,73.96,8.0,0.36,7.1,32.14,20.56,31.51
7,105.96,22.55,0.4,6.93,32.27,20.15,32.36
4,83.22,48.27,1.18,5.23,31.83,16.32,17.95
7,79.8,31.98,0.76,7.01,32.78,16.64,26.01
5,95.64,38.32,0.97,6.52,32.68,15.92,28.49
5,84.16,32.51,0.85,6.82,32.42,14.49,25.18
6,76.49,26.7,0.71,7.11,32.75,20.03,30.58
1,60.04,30.03,1.2,3.31,33.73,16.46,7.06
1,57.82,56.37,1.03,2.83,34.14,17.46,21.85
9,98.24,14.99,0.7,8.6,31.33,18.56,29.73
2,78.66,40.94,0.81,4.1,32.54,17.01,14.92
1,70.21,35.73,0.7,4.42,32.83,16.8,19.28
9,91.42,9.64,0.55,9.47,32.11,21.13,30.38
7,100.69,8.0,0.39,7.73,32.06,20.65,29.32
3,70.59,58.91,0.69,4.78,34.95,18.43,20.17
6,98.98,38.58,1.06,6.27,33.61,21.68,22.71
1,68.27,25.15,0.93,3.43,33.14,16.3,5.6
9,107.92,8.0,0.59,8.25,31.52,24.67,37.76
7,91.48,54.13,0.46,6.42,34.14,20.63,21.68
3,95.45,43.37,0.96,5.86,33.78,15.01,14.67
0,81.05,29.52,0.67,3.81,32.57,16.36,13.53
2,96.08,11.66,0.93,4.42,32.61,17.03,24.42
4,68.38,44.94,0.49,7.1,33.38,20.33,23.05
6,95.44,20.23,0.65,7.11,32.98,18.49,31.54
1,91.6,54.01,0.96,4.09,33.51,16.5,18.42
3,71.58,58.91,0.66,4.44,33.57,19.68,13.96
10,110.06,8.0,0.68,10.51,32.17,24.09,43.9
7,94.08,21.11,0.39,5.9,33.55,17.84,21.74
4,92.96,49.43,0.92,6.22,34.04,20.53,21.74
10,105.16,16.05,0.78,8.6,32.69,24.85,34.01
2,71.14,31.37,0.75,4.89,33.28,18.67,12.16
9,92.25,17.68,0.6,8.07,32.89,21.48,21.61
4,75.32,36.17,0.79,5.72,32.93,16.4,25.48
7,79.44,28.5,0.55,7.25,32.32,23.75,24.55
1,76.48,37.75,0.67,3.47,33.39,16.73,21.34
6,105.24,21.51,0.88,6.33,32.56,19.71,22.8
1,71.38,67.03,0.79,3.03,32.97,18.18,15.41
3,94.76,42.65,0.96,5.29,33.74,14.44,14.73
9,91.49,48.01,0.65,8.51,34.26,23.59,27.91
9,85.13,48.28,0.47,5.14,32.41,21.17,28.35
0,57.6,47.59,0.82,3.79,32.47,18.04,10.23
9,77.37,21.87,0.45,8.7,33.03,21.06,32.89
0,69.29,41.36,0.94,3.98,33.87,14.03,8.97
1,61.8,35.95,0.72,3.67,32.61,14.92,18.13
6,92.38,44.59,0.91,5.58,34.27,21.61,27.02
4,70.33,14.48,0.49,5.25,32.54,17.01,20.06
4,80.55,48.38,0.75,6.22,32.46,15.35,20.13
4,71.12,33.83,0.69,6.63,32.78,18.95,21.02
7,82.03,22.33,0.64,9.01,32.74,21.46,34.06
4,82.54,29.77,0.76,6.13,33.18,19.33,16.54
7,95.37,14.9,0.68,8.82,32.26,22.18,31.15
5,88.61,41.61,0.77,7.19,32.72,16.86,18.98
2,77.6,28.23,1.07,4.6,32.24,12.97,15.43
0,61.34,54.57,0.92,4.88,34.09,16.48,5.99
8,77.92,8.0,0.76,7.89,32.34,27.82,34.19
6,82.12,27.76,0.88,8.52,33.56,21.62,39.25
1,72.09,32.82,1.03,4.28,32.36,13.98,17.29
9,86.8,50.66,0.43,8.16,34.05,21.29,19.11
10,87.26,19.69,0.53,9.05,32.4,22.71,36.49
6,87.49,11.69,0.68,8.08,30.49,17.81,37.42
4,88.81,20.22,0.77,4.97,31.78,19.43,24.25
8,81.33,17.92,0.71,8.59,33.74,18.07,33.55
1,85.66,61.51,1.09,4.46,34.13,16.62,15.32
0,56.87,44.07,0.78,4.24,33.38,13.94,10.94
6,93.47,27.52,0.59,4.49,31.49,18.01,26.51
0,75.32,53.84,1.06,4.17,34.81,14.71,8.47
9,107.33,8.0,0.25,8.82,32.69,19.97,33.38
10,90.8,36.48,0.62,8.94,33.37,20.62,28.84
2,79.42,55.19,0.98,4.08,32.83,13.18,17.06
6,85.61,17.59,0.58,7.9,31.08,19.02,31.37
6,94.19,8.0,0.73,6.93,32.33,24.51,24.82
3,98.88,55.44,1.0,4.79,33.99,16.39,18.6
4,80.08,55.65,0.5,3.8,33.28,19.79,12.47
7,98.21,8.0,0.75,7.25,31.96,21.76,37.08
4,93.5,23.94,1.1,4.76,33.8,16.73,25.19
2,81.93,32.67,0.85,5.56,33.22,18.09,12.18
3,80.96,66.71,0.5,3.47,32.97,19.69,9.84
10,97.88,20.52,0.69,6.22,32.4,22.05,41.41
3,82.33,52.31,0.94,5.61,31.86,16.59,19.47
6,86.77,38.19,0.72,8.39,33.22,21.29,35.02
2,72.26,40.27,1.25,6.45,34.26,19.71,28.82
8,106.65,8.79,0.51,8.29,32.6,18.16,23.49
0,66.58,32.67,0.99,5.3,34.24,14.86,17.04
8,89.45,20.11,0.67,7.2,31.8,17.29,39.08
4,87.42,33.9,0.63,2.91,33.01,18.16,27.66
0,81.4,29.54,0.67,4.03,32.72,15.88,16.48
1,77.13,36.1,0.72,2.74,34.29,14.68,12.41
5,102.25,27.87,1.04,5.94,33.86,16.3,24.55
8,106.03,26.0,0.67,10.01,31.62,28.37,42.62
4,68.8,19.77,0.58,4.62,32.45,17.16,14.8
2,83.98,38.51,0.89,3.02,31.64,14.09,20.24
0,64.4,31.45,0.56,3.87,33.11,14.77,11.6
0,64.59,45.86,1.07,3.31,33.71,15.73,7.95
5,88.22,21.16,0.76,4.15,32.23,19.82,24.29
5,75.47,26.87,0.69,5.85,32.93,21.69,22.37
7,80.71,30.93,0.38,7.35,33.23,19.35,22.99
7,106.3,30.12,0.59,8.73,31.79,24.61,38.46
5,81.36,9.61,0.9,6.97,33.62,17.75,25.71
2,68.2,34.04,1.15,3.66,33.9,18.5,24.03
6,87.03,8.0,0.69,6.88,31.34,20.85,38.06
1,56.69,28.94,0.68,3.27,32.81,12.86,9.07
0,64.56,34.6,0.89,2.21,33.48,17.47,8.96
1,81.04,38.91,0.6,5.18,32.76,13.7,13.09
10,94.43,29.51,0.48,9.73,32.64,17.39,29.8
4,86.41,29.16,0.45,5.88,32.15,18.24,17.02
8,105.75,20.8,0.57,7.32,32.53,16.75,20.91
4,92.97,23.8,0.72,5.71,33.46,19.33,19.32
0,74.93,44.05,0.83,2.17,33.82,13.47,12.38
2,93.1,34.77,0.79,4.89,33.17,16.65,8.41
3,59.35,38.09,0.77,3.3,33.32,19.41,20.9
10,108.93,8.0,0.32,9.53,32.46,28.07,41.54
7,79.1,39.34,0.66,7.75,33.43,20.74,21.1
4,102.06,24.56,0.92,5.35,33.48,17.0,19.38
1,92.5,26.03,1.04,3.75,33.54,17.42,16.13
5,98.02,32.69,0.9,6.24,32.59,17.98,21.53
2,82.79,28.62,1.07,4.82,32.19,14.91,11.05
2,81.64,53.83,0.86,3.7,33.61,16.41,11.09
5,71.74,17.86,0.53,5.39,32.67,17.76,13.77
6,83.35,30.82,0.64,5.67,32.22,19.22,15.05
2,75.14,35.29,0.77,3.37,33.03,15.62,16.65
4,95.19,30.56,0.3,6.67,33.39,19.49,31.47
1,71.27,64.96,0.64,4.49,34.62,17.33,12.24
9,92.56,8.0,0.76,7.35,31.45,18.91,30.24
1,72.87,47.68,0.75,4.13,32.24,12.86,25.97
2,88.34,63.59,1.02,5.71,33.57,16.23,10.61
2,72.47,17.36,0.91,5.1,33.62,19.26,21.44
9,98.87,17.41,0.42,7.64,30.73,17.96,34.68
3,67.75,37.07,0.74,5.31,34.01,18.16,19.43
5,78.32,26.47,1.01,7.35,34.01,22.09,33.93
4,80.17,24.23,0.63,6.75,31.05,16.58,29.98
8,109.72,39.03,0.65,7.73,32.86,20.34,27.0
1,58.89,26.73,0.75,3.44,32.93,16.44,11.86
3,69.9,37.73,1.03,3.41,33.19,14.93,18.62
10,86.2,52.33,0.47,5.79,32.52,21.22,31.35
9,106.58,8.0,0.46,7.97,31.96,22.53,42.4
1,63.35,39.27,1.07,5.61,34.03,15.14,8.5
9,91.46,10.84,0.57,8.75,31.55,20.02,27.34
0,62.43,36.93,1.0,3.05,34.11,17.57,3.37
10,95.68,8.0,0.64,8.48,32.39,24.4,40.18
10,94.51,17.55,0.45,8.45,33.93,17.46,24.37
2,86.93,32.91,1.03,4.22,33.4,16.17,7.52
8,100.06,12.29,0.59,9.06,33.11,21.38,27.84
3,79.87,50.42,0.96,4.86,34.31,17.84,18.19
3,68.77,22.98,0.52,4.48,32.44,14.96,19.1
9,104.62,8.0,0.66,9.53,33.08,21.18,41.47
4,82.47,19.92,0.97,6.03,32.0,15.93,29.94
0,59.23,46.36,1.3,3.52,34.25,16.03,12.24
2,73.28,58.77,1.02,4.52,33.76,13.97,19.79
0,73.75,35.32,1.14,3.58,34.31,11.87,15.22
7,92.51,15.63,0.51,6.23,30.65,15.19,26.38
0,56.22,59.33,0.96,3.35,33.96,17.53,16.12
8,107.21,14.74,0.65,9.11,32.23,18.92,35.15
0,85.23,30.67,1.01,2.61,33.61,18.04,12.75
10,104.99,10.8,0.48,11.69,31.43,26.73,53.95
6,83.71,57.52,0.65,5.76,33.88,18.39,24.13
1,81.55,46.06,0.85,5.6,32.94,18.76,14.01
1,72.25,41.0,0.94,2.87,33.41,17.56,20.13
4,88.13,26.96,0.6,5.28,32.65,20.8,26.32
2,75.85,26.02,0.86,4.0,32.71,21.41,20.08
9,103.94,15.57,0.52,7.46,32.5,21.78,33.95
9,93.49,17.88,0.67,11.78,32.77,25.29,56.31
10,110.97,8.0,0.45,10.68,32.28,19.48,36.11
0,94.54,41.73,0.86,4.18,33.38,14.26,3.0
6,91.82,8.0,0.56,7.78,31.63,23.47,27.85
0,75.04,61.97,1.21,3.77,34.25,15.18,9.67
0,72.59,39.57,0.88,4.41,31.79,11.89,20.48
9,99.11,9.48,0.74,8.18,30.84,19.96,41.68
4,92.34,37.07,0.2,7.16,32.98,18.22,23.55
9,81.2,13.33,0.52,8.21,33.02,23.22,31.13
9,108.85,15.63,0.62,7.81,32.9,21.65,35.01
0,61.41,55.02,0.8,3.95,33.23,12.52,12.15
3,85.82,35.33,0.79,6.33,32.82,14.36,19.04
7,77.62,26.39,0.77,7.17,32.33,19.24,28.02
3,99.84,33.97,1.01,4.49,34.46,12.84,14.9
0,69.46,45.6,1.06,4.11,34.13,12.6,12.45
2,64.74,27.09,0.51,4.08,33.07,17.51,20.78
0,68.82,56.76,1.24,3.24,32.9,18.42,16.32
4,82.49,17.73,0.69,6.22,33.65,21.29,19.4
6,103.51,24.06,0.36,6.5,31.61,19.84,27.77
4,75.02,37.12,0.84,4.89,32.74,13.89,24.4
9,113.11,33.13,0.83,8.43,33.27,21.28,37.77
8,87.68,8.0,0.27,9.53,31.1,23.79,23.54
10,102.17,14.71,0.2,6.94,32.61,23.03,35.4
5,83.5,20.79,0.75,5.27,30.76,15.33,25.66
6,81.76,11.97,0.84,6.8,32.74,20.4,28.04
2,72.21,20.91,0.86,4.51,33.22,24.1,4.46
9,103.02,36.96,0.71,10.92,33.43,23.64,36.98
8,78.27,8.0,0.22,8.48,31.81,21.88,33.57
4,97.08,21.39,0.82,5.75,33.55,17.58,16.84
3,89.12,30.67,0.93,5.77,33.17,18.31,27.03
1,75.07,50.93,1.14,3.31,32.88,19.85,19.14
8,108.62,38.94,0.84,7.8,33.06,20.45,29.63
3,81.06,29.83,0.72,6.01,32.48,14.75,14.54
7,81.6,27.91,0.69,5.95,32.2,19.25,36.43
4,59.38,42.24,0.72,3.84,32.79,17.59,22.97
1,62.69,68.06,0.99,3.47,33.86,11.79,9.62
6,96.3,15.39,0.79,6.28,33.06,21.44,34.1
7,86.56,21.24,0.83,4.64,32.56,17.94,13.07
9,98.0,23.78,0.48,10.54,32.53,24.75,40.81
10,117.42,10.22,0.43,9.58,31.37,20.19,36.64
10,94.11,8.0,0.67,9.94,30.91,18.85,37.97
4,70.83,24.07,0.98,4.92,33.52,19.86,24.26
7,94.37,20.49,0.67,7.57,32.64,20.27,26.43
3,64.5,18.71,0.64,3.84,32.41,18.41,11.19
10,105.27,13.82,0.45,8.45,32.23,23.19,31.26
1,88.49,50.54,0.36,5.09,33.49,17.33,23.57
1,78.29,38.4,0.78,2.25,34.37,12.04,11.54
4,101.13,23.0,0.8,5.21,32.67,16.22,21.32
10,100.72,23.88,0.31,8.83,32.22,21.69,39.99
8,111.17,20.9,0.63,10.09,31.39,25.11,44.94
3,86.16,41.9,1.33,5.04,33.83,18.13,6.65
7,75.87,31.69,0.67,7.11,33.06,19.92,29.98
8,97.19,26.8,0.63,6.66,32.15,18.79,20.35
5,69.17,48.55,0.8,7.53,33.41,19.0,24.37
6,91.42,31.39,0.56,8.28,33.14,20.44,21.74
4,99.26,8.75,0.92,4.71,33.65,19.24,19.89
6,92.37,21.94,0.66,6.54,31.79,21.32,34.44
4,76.06,26.78,0.75,6.33,32.54,15.92,21.65
5,92.47,35.1,0.99,6.45,32.43,21.81,29.08
5,97.79,29.04,0.77,4.96,32.55,15.17,20.09
10,94.02,8.0,0.68,9.62,32.72,25.91,39.72
10,102.23,8.07,0.49,9.77,32.13,27.11,30.23
5,70.95,12.79,1.01,5.91,33.43,19.07,27.95
6,85.79,21.37,0.56,5.7,32.88,20.25,29.99
7,96.38,19.25,0.58,4.38,32.11,20.28,22.69
3,81.66,38.57,1.15,5.38,31.24,16.82,14.83
1,73.37,43.91,0.94,5.27,32.86,13.26,13.91
7,87.73,15.9,0.28,7.17,31.9,22.25,33.66
7,86.99,50.54,0.71,7.24,34.17,19.6,20.1
0,80.53,49.58,0.78,1.88,34.69,13.92,12.43
2,84.77,49.05,0.4,4.82,33.16,18.52,17.46
2,70.32,52.47,0.85,4.39,32.57,12.02,14.07
9,100.13,8.0,0.67,4.92,32.05,19.87,27.53
4,91.79,52.45,0.63,6.74,33.49,17.26,22.67
4,81.4,22.31,0.99,5.55,33.7,22.47,38.38
4,93.39,54.78,0.84,5.05,33.04,17.26,24.19
8,83.09,26.28,0.45,7.25,31.98,17.17,19.05
0,85.29,42.87,1.35,3.14,33.81,16.34,5.74
0,69.79,68.66,1.1,3.71,33.86,15.81,14.34
2,72.8,36.15,1.18,5.6,33.5,17.39,19.06
4,79.41,42.56,0.74,5.77,32.8,18.95,33.19
8,93.24,23.86,0.48,6.86,32.74,20.43,29.31
6,87.93,11.43,0.69,5.33,31.96,21.8,30.45
1,70.27,73.18,0.95,4.14,34.87,17.84,14.11
1,69.32,44.67,1.07,4.38,33.89,17.47,11.57
3,88.69,43.23,1.05,4.15,32.07,14.05,23.97
2,73.07,39.93,0.8,5.29,32.78,13.04,27.72
5,82.7,31.19,0.81,6.28,32.14,15.67,25.57
8,99.7,8.0,0.61,9.81,32.67,24.47,46.32
0,79.05,57.68,0.9,2.2,33.27,16.6,9.57
5,72.08,20.18,0.7,6.26,34.73,14.94,18.22
5,77.11,29.2,0.43,5.99,31.88,21.22,31.07
1,79.35,40.5,0.94,5.6,33.42,18.26,14.9
3,75.62,48.01,0.92,4.74,32.03,16.43,30.54
9,103.4,25.85,0.53,9.28,32.49,24.51,34.9
5,88.81,29.33,1.14,4.65,33.63,20.16,16.9
3,87.96,22.11,0.86,4.59,32.87,19.74,15.41
8,75.82,18.34,0.84,4.56,32.63,20.56,20.55
2,82.85,42.51,1.15,4.23,31.43,17.61,19.31
6,89.13,38.72,0.82,6.77,33.09,19.36,28.01
1,73.42,54.5,1.1,4.14,33.27,19.4,22.64
9,95.41,9.97,0.71,8.17,30.79,19.05,39.53
1,76.5,19.35,0.95,5.55,31.83,11.67,21.98
3,88.74,41.42,1.03,5.0,32.51,18.25,21.93
1,81.08,38.61,0.83,5.51,32.78,12.5,7.46
4,85.06,19.56,1.01,6.07,32.34,15.55,16.48
3,75.98,35.68,0.81,4.55,32.38,17.07,30.34
0,70.4,69.61,1.13,4.04,33.83,14.61,7.74
6,90.11,25.6,1.29,5.17,33.55,21.81,27.14
1,68.14,41.74,0.88,3.26,32.97,14.31,19.33
10,110.3,11.5,0.2,9.81,31.39,20.0,38.98
6,89.78,28.76,0.63,6.3,31.72,18.52,14.15
4,84.1,36.29,0.79,4.9,33.26,14.75,20.51
9,129.46,10.79,0.6,10.25,32.18,21.79,31.42
4,69.35,43.73,0.83,6.15,33.41,15.77,33.3
9,87.71,17.45,0.49,9.21,31.94,19.92,32.27
9,87.71,26.0,0.48,7.41,31.94,21.27,36.38
0,73.98,42.56,0.85,3.71,33.12,14.61,19.02
3,69.17,29.79,0.7,5.6,32.59,14.41,12.82
2,65.73,29.93,0.66,5.13,32.39,13.46,14.19
1,61.58,54.11,0.75,4.03,34.1,15.99,11.29
3,79.19,28.36,0.97,4.6,32.69,19.06,29.37
5,83.93,32.7,0.64,6.05,32.34,19.3,17.05
3,90.57,32.06,0.84,5.1,33.43,20.04,29.03
6,94.02,24.8,0.53,5.33,33.94,16.51,24.05
8,74.92,10.16,0.34,6.98,32.65,18.4,32.41
7,83.6,11.32,0.68,7.47,34.35,15.75,31.49
4,59.48,24.62,0.57,4.65,31.79,15.27,18.4
7,106.88,12.81,0.6,9.38,32.91,17.23,37.44
1,58.99,40.58,0.94,2.2,33.41,21.13,16.44
6,97.84,11.47,0.71,7.72,33.2,17.25,26.0
4,83.34,32.09,0.7,4.66,33.29,18.0,15.56
2,73.75,54.72,1.11,6.1,34.19,20.65,17.49
2,53.83,46.08,0.87,3.09,33.57,18.6,22.88
5,77.93,19.75,0.25,6.21,32.44,17.16,17.93
4,71.04,46.83,0.75,5.71,33.24,20.85,18.25
10,85.12,20.15,0.74,4.77,32.76,18.72,11.86
4,88.92,53.22,1.07,4.74,34.1,22.32,24.41
2,81.24,54.69,1.0,5.63,33.64,18.81,17.58
9,108.6,8.0,0.63,9.4,32.77,22.53,44.03
1,92.68,40.54,1.26,2.8,34.48,13.16,13.2
0,81.01,47.16,1.45,2.92,34.57,17.87,20.62
9,101.27,30.17,0.42,6.86,30.97,19.74,38.66
10,99.43,15.52,0.22,7.78,32.4,21.7,33.66
4,81.71,24.39,0.83,5.96,32.28,17.61,24.41
1,78.61,27.64,1.06,3.44,32.15,12.91,15.56
9,109.18,8.0,0.66,9.78,32.39,21.06,34.88
0,66.73,27.02,0.98,4.12,35.24,12.83,13.62
2,80.18,51.66,1.17,4.19,34.65,17.68,18.47
5,62.92,42.35,0.7,5.29,33.06,19.43,27.25
2,76.48,32.41,1.01,4.6,33.58,18.83,17.1
5,68.98,23.59,0.48,5.77,32.34,18.05,24.11
9,106.0,16.89,0.73,7.45,32.89,20.92,32.61
3,87.5,47.3,1.27,3.79,33.2,16.14,14.62
3,84.52,59.44,1.16,4.69,33.93,17.09,23.07
2,78.18,34.14,0.76,4.06,33.11,16.07,14.8
10,105.12,33.1,0.7,9.41,33.19,21.14,37.87
4,65.56,43.24,0.8,4.75,32.94,21.42,29.13
5,75.63,17.66,0.66,5.2,32.4,16.16,23.04
3,69.54,47.54,0.78,3.97,32.87,18.21,22.61
0,54.74,30.66,1.23,2.81,33.98,15.38,10.83
8,98.97,25.09,0.76,7.49,32.61,19.85,31.77
3,97.38,42.7,0.76,4.22,33.94,15.88,15.09
1,88.16,40.22,0.52,5.35,33.26,16.46,19.45
2,97.68,38.29,1.05,3.95,33.44,15.29,14.22
3,80.05,36.84,0.72,5.18,32.82,17.69,21.23
0,76.13,30.67,1.1,2.28,33.07,16.43,20.54
1,91.8,45.26,1.11,3.35,34.35,16.56,15.29
6,97.28,20.69,0.73,7.71,32.79,18.94,37.31
8,96.63,44.2,0.86,7.7,33.84,20.03,36.14
2,64.7,20.75,0.87,4.57,33.73,17.97,20.03
10,107.53,8.0,0.67,8.35,32.89,22.8,34.3
6,96.24,44.49,0.71,5.54,33.73,18.94,24.08
5,83.83,18.06,0.9,6.43,31.44,16.07,24.54
8,104.63,13.05,0.37,7.07,32.63,22.58,27.01
8,97.05,22.23,0.62,8.05,31.83,17.03,29.58
3,68.99,28.1,0.5,3.78,31.87,15.74,17.93
0,69.96,33.39,0.94,2.59,32.77,15.16,17.95
8,80.54,21.46,0.44,8.07,32.48,19.09,25.38
9,81.71,21.96,0.58,7.19,32.45,18.7,34.52
5,93.62,18.56,0.75,3.21,31.92,21.21,22.69
5,86.67,33.14,0.99,7.24,33.59,21.31,33.18
9,105.55,8.0,0.59,10.29,32.46,26.8,50.27
5,89.25,33.76,0.77,6.16,32.45,18.84,17.18
1,85.97,16.45,1.06,3.99,33.11,15.05,4.26
8,110.59,16.54,0.76,6.45,33.55,16.05,31.47
5,73.83,10.11,0.48,5.51,32.17,18.01,21.32
8,107.9,18.01,0.61,8.18,31.72,19.65,33.47
5,89.36,35.25,0.69,5.05,32.82,20.96,30.49
6,98.53,28.76,1.02,5.87,34.22,16.7,28.92
4,86.77,36.82,0.64,5.15,33.02,16.98,17.13
1,79.57,45.28,0.88,5.21,32.8,13.91,10.54
0,55.21,27.56,0.65,3.12,32.64,13.9,13.04
4,92.44,38.37,0.92,3.92,33.3,19.84,20.01
1,74.92,51.53,1.17,3.68,32.01,15.24,20.26
7,96.2,33.88,0.55,9.81,33.38,21.47,32.39
1,81.92,40.71,0.77,3.01,31.6,12.57,19.56
7,93.93,24.27,0.54,7.77,32.67,18.42,31.47
3,82.14,32.07,0.87,4.92,32.92,14.61,18.76
3,84.46,37.29,0.95,5.57,33.58,20.64,27.87
9,89.71,8.0,0.82,4.91,32.69,15.9,14.8
6,75.43,11.93,0.35,5.57,32.52,18.87,26.02
9,81.51,32.38,0.45,8.03,32.84,19.73,32.03
6,102.22,49.41,0.69,7.68,33.54,23.36,30.95
4,77.42,22.45,0.8,6.66,33.13,21.01,27.23
1,61.51,54.42,0.83,3.8,33.14,13.92,6.99
0,64.18,23.72,0.97,3.04,33.47,17.7,17.21
8,99.01,8.0,0.6,8.55,32.62,23.34,46.05
7,86.27,27.99,0.56,9.12,33.25,23.08,31.43
4,93.45,31.8,0.35,5.53,32.9,16.95,30.57
7,93.28,8.0,0.78,8.31,32.69,22.61,40.0
6,102.24,12.51,0.64,8.24,31.92,17.03,29.48
1,61.26,56.1,1.26,4.56,33.38,9.8,9.73
0,69.67,48.83,1.08,2.26,33.2,12.41,11.08
3,82.48,33.18,1.05,5.33,33.1,17.25,19.72
2,64.22,24.68,0.85,4.53,33.23,19.85,15.83
6,80.04,18.85,0.56,7.58,33.43,23.02,32.04
3,82.74,51.4,0.96,4.46,33.6,18.64,19.27
9,107.39,10.45,0.52,10.29,31.89,25.84,53.14
7,100.09,23.56,0.64,5.11,31.29,17.49,29.82
2,77.47,56.91,0.77,3.64,34.57,16.21,24.2
2,80.97,42.06,0.73,3.59,32.59,18.51,21.85
9,80.79,15.07,0.58,8.45,32.69,24.06,28.2
9,106.38,8.4,0.59,9.0,31.09,18.48,35.53
5,86.9,16.23,0.9,6.34,32.25,15.58,19.53
8,94.61,25.86,0.26,5.38,33.24,19.13,20.98
2,91.81,31.76,1.03,3.96,34.34,16.66,19.09
4,65.6,39.53,0.56,5.05,32.59,17.4,15.49
1,74.2,53.9,0.86,3.06,32.84,17.53,22.52
2,82.64,37.77,0.82,5.58,33.85,20.46,24.45
2,74.27,31.15,0.87,6.66,31.66,13.95,28.71
0,82.9,59.86,1.12,1.96,34.13,16.15,15.43
9,86.59,8.85,0.2,6.91,32.12,19.38,30.76
4,72.87,27.59,0.84,5.17,32.39,18.14,24.06
9,117.72,8.0,0.47,10.79,32.61,18.92,30.93
9,97.32,21.92,0.49,7.18,32.9,21.71,25.55
1,87.04,47.01,0.95,4.66,33.5,19.79,9.36
4,73.18,24.18,0.51,4.66,32.22,17.45,23.13
6,83.58,12.55,0.45,7.8,31.18,16.85,46.38
5,82.01,49.91,0.72,6.22,34.62,17.09,15.05
10,96.68,8.0,0.56,9.65,32.01,24.92,35.19
7,102.11,29.32,0.29,8.65,31.79,17.7,29.96
3,64.94,36.58,0.58,3.24,32.84,14.41,16.16
4,80.72,31.69,0.81,5.88,34.81,15.43,19.81
0,70.21,46.43,0.96,5.28,33.42,15.8,10.95
1,75.59,27.77,0.99,3.29,32.6,18.71,12.9
6,102.1,15.21,0.75,7.66,32.88,17.7,23.29
3,88.37,32.84,0.74,3.42,32.52,19.46,17.72
6,88.6,8.0,0.53,7.2,32.61,20.87,29.28
6,89.24,45.07,0.76,7.35,33.76,17.77,30.58
4,66.17,26.52,0.72,4.68,32.28,17.28,16.09
5,64.83,47.69,0.66,5.58,33.65,19.34,26.02
5,70.05,9.58,0.33,6.46,32.22,19.65,31.03
2,89.2,35.59,0.78,4.78,33.25,15.8,16.16
1,86.25,49.89,1.07,4.96,33.74,13.4,15.88
6,83.64,12.26,0.48,6.92,31.7,18.45,22.31
10,109.95,8.0,0.43,9.53,32.53,26.24,45.52
7,96.56,24.05,0.52,8.55,32.8,22.32,35.17
0,79.98,53.83,1.07,2.46,33.85,14.77,17.48
8,90.67,9.04,0.69,7.79,31.75,18.14,29.73
8,75.01,30.07,0.69,8.43,33.37,20.78,21.06
5,65.75,17.44,1.06,6.02,33.32,21.42,26.3
2,75.52,47.51,0.97,4.16,33.55,17.67,15.47
9,120.28,8.0,0.55,10.0,32.77,20.74,34.1
9,97.41,21.91,0.32,8.77,32.04,19.39,28.78
3,74.09,36.25,0.78,3.85,32.43,14.29,14.75
10,101.12,28.04,0.53,8.01,31.51,22.69,38.58
4,71.59,11.93,0.66,5.34,32.41,19.13,22.99
3,83.94,38.56,0.86,5.37,33.09,11.44,19.87
9,115.98,18.89,0.92,7.26,33.27,18.62,32.3
9,104.96,8.0,0.35,6.93,31.94,22.06,36.33
8,78.59,14.89,0.58,7.28,32.34,21.55,24.74
1,70.02,39.6,0.92,4.43,32.56,14.66,14.07
5,83.55,28.31,0.61,5.44,32.29,19.86,32.28
4,90.87,27.31,0.61,4.14,33.19,20.51,20.0
3,95.82,27.17,1.05,4.57,32.99,13.32,19.4
7,91.1,55.8,0.66,7.48,34.38,19.87,23.26
9,101.32,44.39,0.8,8.19,34.14,21.59,33.57
5,79.82,27.93,0.71,7.33,33.12,16.55,21.6
8,103.74,19.05,0.2,9.9,32.72,19.62,34.23
4,60.44,17.14,0.63,4.64,32.27,16.26,15.81
6,90.24,31.5,0.64,9.38,31.93,24.28,39.65
0,68.52,31.18,0.88,3.47,33.07,16.1,3.0
3,91.81,35.91,0.9,5.13,31.55,13.74,20.39
0,79.62,60.68,1.09,2.9,34.6,16.76,17.03
4,97.15,17.8,1.03,5.34,32.78,20.4,26.56
1,72.08,48.99,0.95,5.6,33.13,16.18,10.89
6,75.13,44.04,0.69,5.42,33.19,21.41,28.37
1,82.13,35.71,1.09,2.56,32.83,12.3,23.22
2,74.9,59.93,0.7,4.19,32.77,18.62,20.11
7,102.27,40.42,0.7,7.51,33.41,19.77,27.43
5,98.92,10.46,0.81,6.13,33.28,21.01,25.71
4,76.84,39.41,0.67,5.97,33.06,17.45,22.5
4,75.19,37.77,0.72,5.61,32.32,15.25,18.67
9,112.97,27.55,0.54,11.65,31.3,26.7,47.39
8,100.95,22.73,0.2,9.9,32.58,21.28,40.62
7,104.36,23.01,0.64,4.3,32.33,22.28,23.39
7,78.08,24.85,0.83,6.63,32.77,19.17,29.42
9,107.84,8.0,0.49,9.05,30.97,20.83,45.1
5,73.24,32.72,0.47,6.59,33.42,19.18,17.87
7,90.25,30.84,0.69,7.6,34.74,21.11,31.14
7,103.98,23.57,0.6,9.4,31.87,24.99,41.35
5,86.16,19.01,0.74,7.2,34.35,16.95,21.11
4,71.26,43.43,0.65,4.66,32.99,17.14,18.34
9,73.46,12.08,0.61,9.23,34.19,15.31,33.04
7,95.14,8.0,0.67,7.23,31.69,24.08,28.73
5,83.26,34.99,1.11,6.23,33.63,18.38,19.82
4,58.84,44.41,0.68,4.96,33.13,21.53,19.97
1,90.25,31.02,0.98,3.2,33.81,17.16,20.0
7,81.71,33.58,0.39,7.63,32.79,20.34,18.8
9,82.54,28.88,0.62,7.11,31.41,18.28,37.12
1,63.6,60.45,1.14,3.24,34.09,16.36,12.89
6,71.62,14.13,0.56,5.4,31.84,19.46,28.3
3,83.49,48.31,1.0,3.5,33.53,19.8,20.95
3,73.99,19.69,0.86,6.61,34.22,13.89,15.87
8,92.58,12.51,0.78,8.3,31.67,17.38,28.52
1,81.51,39.74,0.72,2.94,34.25,13.87,10.79
8,98.28,11.6,0.53,6.29,32.01,19.32,17.93
4,94.6,22.2,0.7,5.84,33.45,19.32,23.26
3,78.28,44.84,0.9,5.52,33.25,17.72,22.6
7,92.24,16.7,0.54,7.97,32.04,22.61,37.02
3,84.95,34.1,1.19,3.99,34.11,16.02,17.88
2,81.36,31.88,0.68,3.31,33.51,20.9,18.91
5,87.49,8.0,0.75,5.11,32.27,19.98,25.4
7,110.22,36.98,0.62,7.51,33.66,21.41,34.2
3,92.67,17.2,0.9,4.64,33.52,17.28,19.47
1,86.19,22.49,0.59,3.34,32.11,16.04,14.31
3,90.33,40.55,0.27,6.66,32.46,15.56,21.84
4,88.19,22.79,0.58,4.73,33.06,21.01,17.34
4,75.52,34.4,0.92,5.58,33.2,16.59,27.48
9,83.25,21.38,0.37,7.89,32.32,20.75,34.88
9,97.23,8.0,0.51,9.51,31.89,21.76,30.26
1,68.93,31.18,0.99,3.72,33.24,18.56,19.43
3,84.35,29.11,1.02,4.9,32.06,14.8,20.0
1,78.0,56.32,0.76,4.53,34.01,18.62,11.35
6,70.8,43.82,0.71,5.89,33.18,19.23,25.62
10,109.9,11.92,0.41,8.17,30.67,22.77,35.3
0,82.48,42.36,1.51,3.05,34.26,17.11,14.53
10,98.76,10.05,0.4,10.73,30.37,19.81,49.24
10,112.54,13.72,0.2,9.43,32.5,23.4,34.23
6,60.45,36.07,0.67,4.86,33.05,20.75,23.76
10,92.8,29.81,0.43,11.11,32.48,24.27,40.99
4,99.99,23.73,0.65,5.95,33.59,14.1,24.55
7,99.84,21.05,0.71,8.96,32.21,17.38,35.46
1,69.16,68.52,0.7,3.11,34.49,16.1,11.94
2,85.28,28.97,0.5,4.08,33.85,15.41,17.11
8,85.47,17.81,0.37,7.28,31.66,16.18,31.26
1,71.65,45.19,0.92,4.29,33.81,16.71,21.88
2,78.76,37.02,1.03,5.39,33.78,17.09,19.73
8,76.84,8.78,0.43,7.31,31.89,17.13,26.62
7,101.68,51.61,0.85,8.02,33.84,21.84,28.01
9,87.51,15.07,0.38,7.8,31.97,20.38,26.56
9,80.53,12.04,0.6,9.26,34.0,17.32,31.67
5,71.03,32.76,0.67,5.7,33.13,18.27,28.97
7,98.59,16.73,0.69,7.1,31.51,18.04,37.84
2,71.58,76.0,0.8,4.42,34.91,13.16,4.66
4,69.54,36.48,0.68,6.07,33.34,16.59,24.24
0,67.2,64.35,1.01,3.17,33.24,16.61,8.51
2,57.64,25.99,0.75,2.79,32.71,18.42,16.61
0,73.55,40.34,1.01,3.71,33.65,14.54,13.83
5,92.1,34.8,0.84,6.86,32.94,20.95,31.25
2,81.7,59.41,0.95,4.46,34.01,19.36,15.58
1,75.66,41.33,0.63,2.71,33.79,15.33,7.49
6,79.61,18.81,0.28,7.05,32.02,20.31,31.22
6,92.71,40.25,0.66,6.0,33.03,17.15,26.26
3,75.44,43.79,1.25,5.1,31.15,16.26,21.64
8,99.69,15.29,0.41,7.76,32.51,19.49,32.54
4,83.65,49.17,0.99,4.69,33.89,18.89,28.14
9,104.19,26.81,0.77,10.9,32.96,23.54,45.29
3,89.95,28.08,0.85,4.99,32.37,14.79,18.64
5,78.63,53.41,0.55,4.08,32.39,20.53,16.32
9,84.0,24.02,0.56,8.17,32.82,19.25,28.88
8,106.37,8.99,0.39,8.87,31.52,22.93,37.06
3,68.7,12.82,0.83,4.69,33.13,21.95,22.37
9,111.47,12.63,0.84,7.77,33.2,19.1,37.24
6,99.89,44.84,0.91,7.84,34.24,21.34,29.29
3,86.81,30.07,0.66,4.05,31.26,17.35,20.79
5,81.87,8.0,0.8,3.14,32.96,19.74,10.91
5,79.46,35.33,0.56,6.88,32.67,21.71,25.11
7,88.17,38.01,0.63,6.34,32.1,16.51,32.12
2,83.15,35.21,0.76,4.23,33.46,19.79,18.43
7,91.1,21.76,1.1,7.27,33.1,20.12,26.95
2,79.13,29.86,0.64,2.79,33.45,16.11,25.93
8,92.38,13.22,0.7,8.0,32.34,15.1,31.53
8,76.23,32.8,0.52,6.92,33.33,23.37,36.06
8,92.81,10.09,0.43,5.23,32.77,22.35,27.92
6,98.25,32.67,0.26,7.46,32.01,17.63,28.51
5,100.13,39.32,0.92,5.68,33.75,16.77,24.49
8,99.93,12.22,0.66,7.15,31.28,24.88,38.39
10,109.59,9.82,0.2,11.43,32.7,23.86,30.93
7,89.12,33.99,0.77,9.25,33.0,21.23,34.97
9,88.95,8.0,0.25,9.28,31.61,23.49,37.38
8,78.68,14.66,0.35,7.33,32.25,17.98,23.49
1,88.98,23.01,0.93,4.71,33.92,14.14,15.55
6,88.69,25.9,0.36,5.49,33.37,19.16,22.84
10,81.62,11.21,0.66,8.73,33.74,18.12,21.86
10,78.72,8.0,0.58,9.36,33.64,19.92,27.1
4,83.62,43.23,0.75,7.01,32.32,19.19,33.9
0,62.94,36.63,0.55,3.92,32.95,14.42,12.42
3,81.82,17.14,0.83,4.49,33.18,15.33,8.72
7,94.63,11.78,0.34,7.49,31.51,20.03,40.43
2,74.86,35.36,1.17,5.12,33.99,21.71,21.4
2,75.64,52.78,0.88,5.66,33.83,16.08,14.7
5,81.28,8.14,0.88,5.17,33.02,14.99,13.34
9,86.9,12.39,0.6,8.19,32.66,20.01,31.04
1,81.51,46.07,1.03,5.0,33.38,17.61,14.22
9,82.6,20.12,0.59,7.06,32.51,19.66,27.0
4,97.0,37.71,1.29,3.97,33.46,17.91,19.42
0,68.4,27.75,0.98,4.99,33.96,20.26,18.59
7,98.59,42.46,0.74,7.43,32.7,18.07,24.17
10,94.51,8.0,0.59,9.66,32.58,24.32,36.42
4,68.51,19.15,0.54,4.31,32.78,16.05,24.99
1,79.06,37.06,0.83,3.07,30.94,13.47,17.41
5,83.89,11.39,0.8,4.62,32.77,16.31,12.2
4,84.58,29.41,0.43,4.33,34.16,14.92,20.32
8,98.37,20.14,1.06,6.27,32.95,22.42,32.95
7,88.2,22.36,0.43,5.85,33.63,18.22,30.82
0,68.48,72.76,1.03,3.5,35.07,16.12,11.13
9,101.88,18.9,0.46,10.07,32.54,23.63,38.08
4,79.06,44.21,0.88,6.42,33.12,19.9,16.02
1,81.47,69.48,0.61,5.4,34.48,17.83,13.15
5,77.8,23.3,1.0,5.34,33.33,21.4,20.33
10,116.87,36.45,0.45,10.22,32.86,24.66,37.93
3,98.64,49.66,0.44,6.94,33.62,17.53,21.57
1,73.78,41.84,0.99,3.75,33.56,16.39,25.49
0,68.87,40.29,1.0,3.23,33.08,16.08,11.93
7,95.45,13.01,0.31,6.25,33.27,17.07,31.38
1,68.11,53.06,1.24,4.52,33.86,14.64,21.07
6,95.85,29.84,0.51,5.37,33.64,19.44,25.7
5,89.44,31.47,0.76,5.76,32.59,17.25,23.13
5,78.91,31.63,0.72,6.93,33.04,17.1,34.3
1,63.61,28.91,1.03,4.08,33.96,15.23,13.62
10,114.81,11.1,0.45,10.73,30.68,28.76,48.39
2,82.42,40.33,0.76,3.06,33.34,14.79,25.5
2,67.31,33.79,0.92,4.42,33.54,18.67,10.19
10,76.78,21.66,0.38,8.23,32.24,22.97,43.49
1,56.04,27.17,1.24,2.67,33.79,15.09,15.19
0,94.32,20.37,1.12,2.9,33.42,18.15,19.43
3,75.57,48.92,0.86,5.28,33.39,14.23,30.7
6,97.23,40.19,0.69,5.61,31.45,17.7,26.05
3,61.97,40.9,0.68,5.72,33.44,14.74,13.74
1,79.52,19.13,0.99,3.7,33.39,14.42,4.9
5,80.15,22.6,0.92,7.14,33.21,22.15,30.16
2,87.16,49.33,0.99,4.1,33.49,15.13,13.21
1,70.69,35.36,1.08,4.51,33.15,17.69,20.67
6,75.22,11.32,0.62,6.21,32.2,17.78,22.11
7,99.47,47.43,0.58,7.72,33.21,21.26,40.07
0,84.31,46.39,1.12,2.6,34.3,17.5,3.0
7,100.21,8.0,0.34,8.98,31.99,19.15,32.03
2,63.76,31.0,0.88,4.62,33.45,16.46,16.29
9,90.58,23.4,0.4,8.68,31.86,21.56,25.75
9,97.83,32.59,0.33,7.6,32.01,22.77,32.86
10,94.19,8.0,0.6,9.72,32.83,24.07,39.46
6,98.17,45.63,0.76,8.05,33.29,20.71,29.12
8,72.34,16.89,0.46,5.74,32.22,18.03,32.83
1,85.33,40.17,0.57,5.23,33.6,13.98,18.41
6,70.2,15.23,0.81,6.16,34.25,15.44,29.22
1,54.75,36.12,1.16,3.37,33.41,17.07,5.08
2,75.11,35.87,0.73,5.23,31.6,19.05,26.77
4,82.86,23.55,0.85,5.47,32.95,17.79,12.69
8,76.89,26.09,0.58,7.96,33.05,17.82,33.08
8,80.05,22.8,0.75,6.48,32.59,20.63,33.29
4,80.22,27.71,0.62,4.52,32.58,14.38,20.34
1,77.92,32.78,0.93,4.82,32.35,11.65,12.75
4,86.01,34.62,0.75,5.79,32.63,17.98,19.61
4,95.1,39.95,0.89,6.45,33.61,17.96,19.26
1,86.4,54.69,1.09,3.38,34.32,11.68,7.19
2,71.67,25.52,0.58,4.52,32.64,17.32,16.96
0,60.61,27.61,0.69,3.57,32.53,14.98,5.2
0,83.89,54.95,1.07,2.9,34.08,15.69,14.88
9,103.19,32.1,0.67,9.43,32.96,24.11,30.36
8,100.62,10.49,0.2,10.15,32.83,20.72,33.99
1,66.3,28.98,0.94,4.61,33.33,18.25,3.67
10,104.4,28.88,0.35,11.35,32.88,24.36,45.3
5,80.52,34.53,0.94,5.43,31.24,20.38,22.77
2,81.28,49.59,1.09,5.5,32.66,21.3,25.96
9,93.97,24.99,0.32,9.91,32.96,24.8,45.47
6,67.75,8.07,0.51,4.75,32.54,17.89,21.77
9,109.65,11.77,0.61,7.68,32.04,19.77,22.34
9,103.35,15.25,0.2,10.22,32.51,21.19,38.75
0,70.8,49.7,1.09,3.7,33.91,16.48,10.54
0,67.59,43.61,0.86,3.0,33.63,17.79,20.78
4,69.6,29.47,0.93,6.49,32.67,16.25,28.0
8,102.48,25.5,0.69,9.52,33.23,21.45,31.05
4,100.38,33.39,0.79,5.67,32.98,18.6,18.51
3,73.68,54.31,0.78,3.85,33.16,21.12,22.35
3,77.26,26.31,0.76,5.25,32.96,21.77,5.73
8,85.84,16.86,0.22,8.01,32.24,21.36,25.63
8,83.73,8.0,0.72,7.61,33.29,24.23,37.31
7,77.15,29.29,0.56,7.08,33.39,23.47,26.4
3,84.69,35.84,0.88,5.85,32.14,13.49,22.58
9,99.66,41.01,0.73,7.91,33.59,20.2,37.63
4,83.11,23.92,0.78,6.79,31.51,15.59,23.68
2,73.15,50.77,1.13,3.95,33.86,12.81,16.61
4,80.27,24.88,0.96,6.9,33.17,20.37,21.3
1,77.84,26.04,0.97,2.86,33.09,13.1,7.08
1,63.52,35.78,1.05,3.9,32.78,15.33,5.64
1,78.34,28.35,0.96,2.38,32.82,18.45,9.89
0,71.09,66.42,0.72,2.41,33.12,16.94,18.66
9,86.88,10.35,0.64,7.23,31.87,22.55,25.12
7,74.08,19.09,0.41,5.79,31.96,19.44,19.67
4,81.81,13.37,0.75,4.41,31.83,20.6,25.86
8,98.66,30.97,0.82,7.53,33.77,23.48,24.29
9,88.3,8.0,0.58,9.23,32.76,23.68,33.82
0,65.83,30.81,0.78,3.39,31.54,11.43,21.45
10,102.73,8.0,0.47,10.29,33.01,25.68,47.5
2,97.21,39.77,1.13,4.0,34.1,14.34,14.86
10,83.04,24.8,0.66,7.4,32.94,23.46,32.89
6,90.36,30.89,1.12,6.43,33.53,20.07,28.6
1,77.4,40.03,1.12,4.72,34.34,15.95,22.91
9,97.01,9.71,0.38,6.09,32.53,23.37,32.51
5,92.42,23.45,0.86,3.14,32.58,20.31,14.67
2,74.08,31.1,1.0,5.65,34.62,14.98,14.38
0,74.89,26.55,0.98,3.18,32.8,13.94,10.95
8,99.47,8.0,0.25,9.08,32.15,24.25,35.03
4,67.31,30.42,0.75,6.77,34.19,13.29,23.4
8,86.06,51.19,0.43,6.83,34.58,18.82,27.46
3,90.26,25.08,1.02,6.2,33.07,17.41,12.64
0,78.56,17.02,1.04,3.62,33.08,14.24,6.75
2,79.45,32.6,0.77,4.31,31.57,14.8,26.29
6,95.65,17.75,0.9,3.66,32.08,20.32,17.44
9,88.23,8.0,0.2,8.8,32.07,24.31,39.85
3,73.37,33.22,0.82,5.71,33.21,19.64,22.33
7,101.08,19.5,0.61,8.08,32.8,22.73,34.06
10,113.71,29.77,0.59,9.29,32.58,18.85,37.54
7,83.81,8.0,0.7,7.38,32.83,23.58,26.28
9,90.82,13.28,0.78,5.61,32.21,17.1,17.09
1,85.38,33.28,0.94,1.13,32.21,16.56,12.44
3,68.11,59.01,0.67,3.43,33.54,19.15,18.92
1,76.04,35.31,1.04,3.59,32.85,14.67,12.29
8,97.46,25.46,0.63,9.45,33.01,21.48,35.65
3,74.58,28.75,0.93,5.19,32.36,12.92,21.44
5,74.31,49.56,0.72,4.59,33.25,19.72,21.59
1,68.72,42.58,0.96,4.55,33.4,17.78,14.87
5,62.33,35.54,0.62,4.21,33.32,20.32,27.0
0,79.33,24.1,0.99,3.07,33.09,12.09,3.0
0,68.22,43.96,1.29,4.05,33.57,18.29,11.92
10,101.74,12.84,0.38,10.51,31.77,21.66,40.88
7,83.24,29.82,0.61,7.11,32.24,19.53,28.88
4,78.16,16.2,0.9,6.01,33.47,22.73,27.65
4,81.32,16.68,0.75,5.13,33.53,15.3,6.25
9,93.04,32.86,0.78,8.52,30.89,24.58,30.29
10,75.68,22.47,0.57,7.97,32.32,18.53,26.68
3,87.69,41.76,1.19,4.71,31.53,14.43,23.25
2,70.08,17.25,0.8,6.09,33.54,19.69,8.17
5,91.79,19.63,0.68,6.16,33.13,15.89,17.09
0,63.91,48.43,0.98,4.15,33.25,13.94,12.03
0,66.22,41.61,1.12,3.32,33.48,16.39,15.02
4,84.88,20.95,0.82,4.46,32.85,19.78,18.84
7,94.15,28.13,0.81,8.25,33.17,24.01,31.27
5,73.74,52.29,0.58,5.28,33.69,17.74,23.5
2,73.01,39.18,0.94,5.15,33.52,19.44,16.87
0,85.18,35.88,0.87,1.09,31.22,14.96,16.65
5,81.5,19.66,0.83,7.01,33.46,19.29,25.12
4,79.22,29.5,0.89,6.69,32.85,16.92,20.13
3,91.62,48.61,0.95,5.48,33.44,16.57,23.95
7,100.16,9.27,0.8,6.99,33.07,25.81,33.39
8,86.03,8.0,0.26,9.07,31.81,22.39,32.98
10,99.33,8.95,0.36,11.06,30.33,19.03,54.94
7,79.16,28.18,0.68,7.4,33.48,21.23,24.94
6,100.35,44.42,0.73,7.35,33.41,21.89,25.97
8,95.59,37.39,0.38,10.61,32.94,19.75,39.51
7,103.65,30.62,0.6,8.28,31.31,24.43,40.14
0,56.97,48.09,0.94,3.9,34.19,12.18,10.76
3,82.4,26.48,0.74,3.87,33.39,17.69,18.91
0,64.42,26.52,0.99,4.48,31.96,11.05,27.33
10,107.9,8.0,0.49,12.12,32.33,24.84,42.14
5,77.04,40.11,0.72,6.08,32.35,18.23,33.95
5,98.07,11.91,0.48,6.89,32.2,19.28,31.53
2,63.36,28.43,0.65,3.57,32.57,17.09,19.74
1,67.37,65.15,1.07,4.97,35.03,17.4,20.81
3,92.98,23.29,0.91,4.69,33.53,18.26,27.29
2,93.23,24.0,0.78,4.26,33.74,15.08,16.89
7,89.01,38.59,0.66,9.01,32.13,18.8,29.33
3,96.26,21.41,0.91,6.06,33.19,15.89,15.05
4,74.01,35.7,0.86,6.3,32.9,15.43,22.12
7,78.5,38.84,0.84,7.39,33.35,18.5,27.36
3,79.43,31.73,0.74,6.45,33.03,16.75,17.67
4,66.1,18.54,0.91,5.82,33.53,19.47,24.86
4,71.49,31.19,1.0,5.66,34.16,19.11,27.59
9,93.88,8.0,0.3,8.85,32.23,24.22,29.62
6,102.01,19.86,0.48,7.58,32.21,16.04,23.19
8,73.44,16.85,0.48,7.04,32.21,19.57,32.06
7,102.26,15.03,0.66,7.96,31.68,16.95,39.39
9,85.6,50.87,0.46,6.19,32.56,19.98,26.54
5,71.75,35.91,0.69,6.57,32.13,16.19,30.99
5,80.31,18.96,0.87,4.16,33.31,17.51,12.93
9,92.54,21.48,0.56,8.34,32.21,19.7,42.16
4,79.63,26.76,0.72,6.44,32.47,15.87,21.32
8,98.38,38.51,0.82,6.64,33.78,19.85,27.41
7,89.15,23.99,0.71,6.7,31.79,18.55,28.92
8,76.98,55.46,0.59,5.15,32.45,22.1,19.22
3,80.33,52.68,0.86,4.6,32.33,19.5,24.84
2,84.94,33.14,0.75,2.36,33.3,20.0,17.74
5,103.23,23.64,1.02,5.94,33.95,16.64,27.07
6,74.13,8.0,0.83,6.26,33.34,19.4,41.25
8,77.89,16.32,0.71,7.39,32.78,21.65,28.38
7,94.13,27.27,1.1,6.06,33.3,22.45,26.48
4,77.05,34.93,0.46,5.68,32.05,15.61,22.76
1,85.39,45.52,0.88,3.99,33.25,15.76,9.7
3,82.53,25.07,0.66,4.51,33.36,19.83,14.52
4,95.9,33.3,0.73,7.0,33.17,17.18,18.07
6,99.33,41.02,0.84,6.25,32.77,22.51,30.82
7,102.47,23.89,0.2,8.79,32.57,21.12,31.94
4,96.29,17.89,0.94,5.7,32.96,20.92,21.78
8,92.2,17.4,0.27,7.84,32.24,20.99,33.55
0,90.26,53.29,1.17,5.19,33.74,13.93,11.98
10,103.63,25.0,0.41,8.19,32.44,21.71,43.36
10,106.51,19.26,0.27,10.64,32.79,23.57,42.55
9,108.45,8.0,0.69,9.57,31.78,20.65,42.46
9,85.19,39.98,0.66,7.98,33.47,20.23,22.59
10,110.8,8.0,0.62,10.27,32.6,24.8,44.35
2,70.68,41.88,0.74,4.33,32.37,17.27,17.9
6,103.91,25.63,0.75,6.16,33.41,16.51,20.3
1,87.05,37.98,0.88,3.52,31.66,17.39,10.39
2,67.72,45.37,0.78,5.01,33.97,15.55,17.86
1,81.47,53.66,1.25,4.09,34.69,15.59,20.0
1,79.58,61.9,1.18,4.64,34.42,17.95,10.16
7,101.62,8.03,0.56,6.51,32.21,23.85,34.02
1,72.07,35.98,0.72,2.54,33.18,18.42,4.63
10,105.4,16.63,0.63,8.67,31.64,17.55,31.29
9,98.46,10.06,0.36,7.55,32.16,23.61,36.3
2,77.46,39.53,0.76,3.14,33.04,19.32,20.42
6,82.3,11.77,0.73,6.2,34.13,16.6,20.62
4,74.57,40.21,0.99,5.7,33.51,13.19,21.85
3,79.95,23.48,1.26,5.02,31.46,19.2,16.67
1,67.83,52.74,1.11,4.88,34.01,15.99,16.42
4,75.0,43.66,0.77,5.36,32.66,17.96,14.47
6,102.46,19.61,0.99,7.76,34.02,16.52,23.16
3,84.36,27.69,0.96,5.53,33.89,18.74,18.68
5,94.06,23.93,0.94,6.22,32.95,19.18,25.72
2,95.35,27.47,1.13,4.37,34.77,13.68,19.18
1,87.61,45.66,1.0,4.59,33.17,16.22,27.62
8,82.86,25.24,0.76,7.26,32.43,18.0,39.72
7,103.2,11.16,0.58,7.41,32.81,18.03,43.36
9,79.18,8.0,0.65,8.48,32.67,22.57,37.06
4,95.24,17.69,0.84,5.19,33.8,21.64,23.75
6,80.95,35.52,0.55,5.83,33.99,18.74,16.26
2,63.22,37.74,0.76,4.95,32.11,15.65,20.53
9,100.24,35.84,0.79,7.93,32.98,23.11,32.38
6,88.48,49.56,0.58,7.8,33.39,20.11,33.48
2,72.56,24.73,0.63,2.92,32.42,15.85,14.07
0,72.37,43.44,0.88,3.72,32.77,13.44,19.84
8,105.6,10.12,0.61,7.99,32.88,21.32,32.45
10,112.77,25.95,0.71,7.59,33.07,20.2,34.5
1,88.31,32.0,1.24,5.05,33.3,13.95,8.97
4,89.64,26.1,1.03,6.71,32.22,15.88,30.64
9,84.75,13.98,0.55,8.53,32.16,21.88,37.83
9,101.1,15.17,0.62,8.1,32.69,16.86,21.3
5,64.02,35.12,0.7,4.92,32.99,21.1,19.53
9,91.37,27.27,0.49,7.92,31.37,19.17,33.22
7,103.92,35.71,0.66,7.12,33.04,17.74,27.19
8,98.89,51.23,0.83,7.32,33.78,20.6,36.29
8,94.38,8.29,0.63,5.38,32.2,19.19,21.62
1,90.52,53.03,1.08,5.45,33.36,15.16,14.92
8,87.99,31.35,0.53,9.81,32.76,21.4,37.79
4,68.8,46.94,0.77,5.59,32.9,15.58,23.26
9,102.81,8.0,0.57,8.45,32.58,24.83,48.69
8,91.93,44.5,0.55,6.55,34.11,18.65,26.12
10,112.57,8.0,0.59,7.0,32.34,22.09,28.97
7,96.57,26.26,1.01,7.3,33.25,21.03,23.67
5,76.49,60.29,0.75,5.87,34.39,20.5,17.18
7,102.32,22.78,0.72,8.01,32.0,17.43,36.31
7,81.85,29.36,0.58,7.25,31.76,16.51,28.11
10,114.42,8.0,0.45,11.37,32.44,20.97,41.94
8,108.79,34.37,0.2,9.29,32.15,21.89,30.62
9,113.92,8.0,0.45,10.36,32.28,21.34,28.47
0,70.69,26.73,1.14,3.83,34.05,14.66,15.18
4,98.46,40.68,0.85,5.45,33.22,18.3,24.19
5,85.94,46.23,0.88,6.18,31.93,19.11,31.48
2,64.55,31.95,1.06,3.25,33.28,16.41,12.8
1,79.47,15.79,0.87,4.03,33.36,17.1,10.65
4,88.19,27.85,0.83,5.94,33.34,16.29,30.45
10,102.52,8.6,0.63,8.88,31.01,19.88,33.05
10,109.68,19.89,0.44,10.21,33.16,24.41,45.28
4,84.14,52.68,0.83,6.17,33.96,17.94,20.94
3,91.69,25.27,0.93,3.56,32.69,19.88,11.6
1,81.4,34.67,1.01,4.84,33.4,13.91,15.88
9,102.28,14.93,0.46,6.33,33.07,20.48,34.33
10,115.82,8.0,0.65,8.84,31.94,19.93,33.28
3,75.26,33.54,1.05,6.17,32.98,11.21,20.98
5,88.61,18.96,0.55,5.78,31.88,21.88,32.71
1,65.71,46.65,0.87,3.36,33.11,12.25,18.1
10,90.21,43.71,0.29,7.27,33.7,19.83,30.21
4,71.15,39.26,0.74,5.54,31.98,16.68,34.23
1,81.93,33.51,0.71,4.18,32.5,15.46,10.94
7,91.02,26.19,0.42,7.56,32.56,23.58,38.68
8,80.15,20.43,0.78,8.65,33.74,15.71,33.42
3,94.07,30.99,0.59,4.12,32.9,22.84,20.18
3,77.73,20.3,0.76,5.13,33.51,21.32,9.02
5,76.11,37.94,0.71,6.31,33.58,18.4,30.52
9,85.99,42.59,0.43,6.75,34.13,17.47,21.44
2,70.23,44.88,1.19,4.02,33.79,17.09,24.22
9,104.09,8.0,0.83,7.18,32.7,25.08,37.77
10,98.96,14.42,0.2,6.82,32.74,18.23,23.75
9,86.27,46.42,0.57,6.03,32.34,23.34,20.07
9,81.72,39.49,0.66,7.64,34.34,21.18,29.12
7,97.64,20.57,0.78,4.94,32.16,21.53,23.5
0,80.06,36.26,0.77,4.0,32.42,16.59,16.4
6,84.41,26.25,0.66,7.75,32.08,18.16,23.14
2,84.86,34.45,0.71,4.47,33.76,15.73,17.98
1,77.47,48.97,0.66,3.36,33.84,15.01,20.95
6,87.91,29.85,0.63,6.9,32.24,20.16,17.27
3,77.99,17.87,1.04,2.86,33.4,12.43,15.27
2,84.39,35.93,0.78,4.07,31.85,17.42,12.91
9,94.0,8.0,0.5,10.04,30.68,19.12,43.86
7,79.54,26.38,0.51,8.98,30.46,17.97,36.29
4,85.85,42.41,0.46,3.78,33.33,15.15,12.35
10,86.07,8.0,0.36,7.76,31.68,24.47,36.48
3,80.81,33.03,0.8,5.73,31.42,15.06,27.44
6,84.31,10.99,0.77,8.12,31.41,17.85,22.26
2,83.37,36.17,0.88,3.04,33.42,14.77,19.21
0,67.37,41.01,1.27,4.49,33.96,15.8,10.03
6,84.33,61.99,0.53,5.51,34.03,17.98,21.88
9,100.42,8.0,0.45,10.11,31.11,22.95,38.13
10,93.34,14.45,0.41,8.99,32.02,21.21,31.65
0,74.89,36.88,0.8,2.6,33.03,16.88,8.1
7,72.4,22.71,0.47,5.31,32.59,19.23,24.72
6,84.71,28.19,0.77,6.02,31.72,16.82,30.43
1,71.84,24.93,0.93,3.15,32.9,18.98,3.0
4,101.13,22.71,0.84,5.16,33.15,15.67,12.44
9,87.13,44.72,0.5,5.89,32.38,21.29,22.8
9,104.8,17.96,0.55,6.97,31.2,20.31,38.5
0,62.01,29.89,0.6,3.49,32.46,16.05,25.41
4,71.28,22.15,0.69,6.32,31.55,17.55,30.74
1,86.06,35.4,0.66,5.41,32.39,14.92,10.25
5,100.83,18.52,0.76,6.6,32.81,16.25,32.24
9,99.39,10.31,0.58,9.76,31.93,24.3,31.23
6,102.43,38.99,0.79,7.17,32.59,22.86,34.41
9,84.93,24.22,0.7,8.11,32.24,20.88,26.05
3,87.08,43.95,0.91,5.3,33.17,20.24,28.85
1,73.72,14.45,0.94,3.14,33.62,17.07,7.75
7,99.04,27.7,0.44,6.11,33.33,16.3,27.83
5,74.44,41.86,0.66,6.58,32.16,14.64,28.47
10,102.91,10.47,0.51,10.0,29.7,20.35,49.26
7,82.72,8.0,0.43,8.01,33.05,22.89,28.86
7,80.72,24.47,0.73,7.78,32.82,15.47,38.41
4,94.65,28.57,0.82,3.62,32.47,20.6,15.88
5,97.35,29.51,0.64,5.32,30.95,15.57,27.0
1,82.81,26.28,1.13,5.6,33.92,15.37,17.0
1,85.62,42.73,0.5,3.89,33.05,16.77,17.37
5,81.55,12.48,0.71,6.7,32.76,16.9,20.44
0,71.38,64.25,0.84,3.24,33.94,10.46,16.3
3,93.72,43.91,0.88,4.51,33.45,15.19,19.06
5,68.48,12.91,0.4,5.99,32.2,17.55,24.19
7,95.62,14.14,0.59,6.2,31.78,22.67,37.15
3,66.04,19.9,0.45,3.28,32.44,16.22,15.12
2,74.83,43.59,0.89,6.2,33.18,15.73,13.44
0,58.69,38.41,1.32,2.91,34.34,11.91,18.05
2,75.94,30.41,1.26,5.28,33.78,17.2,15.15
1,81.54,33.83,1.35,3.76,34.55,17.15,16.17
2,78.5,45.32,1.16,4.81,31.72,16.57,19.4
2,59.33,40.85,0.88,5.08,33.18,18.94,22.16
7,81.11,43.56,0.6,5.2,32.63,21.3,20.88
9,97.34,20.5,0.92,6.99,33.66,21.97,38.11
0,76.09,70.88,1.04,3.75,33.65,15.14,6.33
0,66.76,50.72,1.09,3.2,32.97,13.92,7.97
3,80.48,40.79,0.73,5.4,33.36,17.08,6.46
10,94.47,8.0,0.55,9.22,32.59,24.43,46.21
7,78.11,21.97,0.69,7.11,33.14,22.82,30.05
0,78.09,43.69,1.24,3.61,34.27,14.38,7.82
10,86.35,24.52,0.34,8.8,31.63,22.77,30.57
5,77.64,40.97,0.81,5.51,32.22,16.29,28.7
4,81.32,52.71,0.95,5.91,34.17,15.76,25.58
5,66.02,8.24,0.52,3.86,32.37,16.64,29.68
0,59.18,47.42,1.09,4.26,34.02,16.37,10.54
8,92.53,21.52,0.65,9.08,32.71,21.84,28.55
9,91.7,41.94,0.55,10.51,32.59,22.18,36.8
8,97.92,8.0,0.79,9.43,32.95,23.68,35.27
8,82.25,15.56,0.62,8.12,32.41,24.21,31.9
1,92.51,34.23,1.0,3.38,33.2,14.03,3.0
5,82.87,36.14,0.99,4.69,31.59,19.9,23.42
7,104.12,22.27,1.19,4.68,33.66,19.57,29.18
7,100.32,22.79,0.62,6.09,33.04,15.94,26.14
5,80.21,44.14,0.7,5.97,34.35,23.39,14.82
8,87.93,41.83,0.4,5.91,33.69,21.38,22.99
6,106.45,18.05,0.94,5.6,33.59,20.1,25.89
6,84.05,12.32,0.76,3.62,33.62,17.6,9.52
2,83.28,52.43,1.06,5.35,32.97,17.61,22.19
4,85.85,16.63,0.86,7.43,33.4,17.71,19.83
8,90.01,29.63,0.56,7.72,32.01,17.68,34.91
6,81.08,42.38,0.7,6.71,33.0,16.82,31.88
2,87.07,33.59,0.72,4.48,32.37,15.01,14.47
8,73.16,27.64,0.69,6.89,33.06,23.31,32.02
7,88.78,22.54,0.65,8.29,33.4,21.32,35.52
7,86.03,8.49,0.5,7.28,32.61,22.76,23.77
0,68.33,51.75,1.29,3.17,32.45,14.46,12.48
3,89.54,41.33,0.99,4.95,32.48,21.58,21.48
1,58.03,15.87,0.71,4.59,33.15,12.48,18.98
4,64.73,50.33,0.77,4.27,32.79,20.0,10.33
1,69.44,43.74,0.7,5.37,33.1,18.47,11.4
9,89.45,8.0,0.27,8.64,31.48,19.99,32.58
7,93.36,18.75,0.49,7.11,32.52,19.53,32.48
7,82.18,29.69,0.57,6.61,31.97,18.07,38.26
1,74.53,63.2,0.78,3.03,33.38,18.27,9.36
5,103.18,44.41,0.39,8.49,32.91,18.51,28.45
4,63.49,39.52,0.71,5.49,34.04,17.57,22.75
6,97.14,25.1,0.63,7.2,31.65,16.64,34.93
4,75.33,43.41,0.91,5.98,33.71,14.76,28.79
1,76.08,39.9,1.07,3.54,32.18,15.76,17.74
6,94.15,8.0,0.46,6.39,33.52,17.81,20.16
1,57.65,46.7,0.92,2.93,33.77,16.96,20.29
0,71.93,42.64,1.13,5.68,33.03,14.36,17.24
1,72.97,47.63,1.25,4.38,32.84,17.75,21.39
4,79.39,33.78,1.05,7.67,32.77,18.42,22.3
10,81.96,31.06,0.35,8.9,32.62,20.57,34.91
3,80.27,29.57,0.6,4.98,33.38,18.74,14.13
0,67.78,45.23,0.79,3.42,32.95,16.62,14.62
5,97.14,11.1,0.47,6.71,31.7,17.92,24.3
9,84.37,50.46,0.47,5.89,32.58,22.18,19.8
3,96.92,26.81,0.94,5.03,33.28,19.31,19.67
9,105.15,10.69,0.34,8.45,32.59,22.4,47.24
2,86.51,44.87,0.84,4.1,31.29,14.11,18.6
2,67.63,34.86,0.74,5.01,34.02,15.77,8.99
0,83.9,35.17,1.11,3.77,33.52,13.09,9.02
2,80.65,51.07,1.27,3.61,34.15,14.7,13.34
10,116.54,25.89,0.39,11.16,31.07,29.01,54.41
2,81.88,24.91,1.02,4.68,32.21,16.08,17.24
10,110.66,11.05,0.33,7.91,32.61,19.63,27.02
6,82.34,33.01,0.55,5.81,32.32,19.36,30.56
9,97.07,10.23,0.8,8.89,31.42,20.75,27.86
5,100.09,8.15,0.62,6.55,32.66,13.78,19.58
4,84.8,19.66,0.89,6.39,33.26,18.8,26.91
6,77.31,62.47,0.52,6.57,34.15,19.19,24.93
4,79.96,24.67,0.67,7.52,31.02,16.8,31.2
8,108.42,25.11,0.58,9.9,31.82,26.17,47.21
7,78.49,8.0,0.85,4.98,32.73,19.8,17.11
9,106.68,8.0,0.75,6.98,32.66,22.86,39.44
8,113.66,23.26,0.74,7.53,33.67,17.81,30.15
5,100.45,10.92,0.94,5.7,33.11,21.3,22.55
9,103.79,20.99,0.29,6.05,32.94,22.88,30.08
0,74.5,59.16,1.15,4.38,34.66,14.76,15.88
0,66.51,45.05,0.98,3.99,33.47,14.08,14.58
2,88.14,41.66,0.58,2.86,33.8,13.44,10.37
6,75.91,20.77,0.66,6.71,33.08,18.0,17.6
2,68.79,50.56,0.91,4.29,32.94,17.26,15.06
2,89.09,35.68,0.42,5.84,32.99,16.16,16.77
8,95.61,24.0,0.53,9.46,32.52,23.64,36.27
2,65.93,48.68,0.69,4.7,33.47,18.25,13.35
5,81.43,17.26,0.74,5.65,32.95,22.93,28.9
2,86.12,28.19,0.99,4.54,33.18,16.03,11.42
10,96.36,18.62,0.37,9.76,30.52,18.99,42.23
2,89.64,29.39,0.87,3.16,32.79,15.57,13.08
1,77.4,30.36,0.92,4.55,31.54,13.61,28.01
3,83.32,37.55,0.66,4.44,32.91,18.9,19.54
0,62.41,26.7,0.65,3.51,32.84,15.94,16.8
7,73.58,33.43,0.58,7.69,33.16,17.08,26.72
5,75.36,11.95,0.95,8.04,32.71,20.37,23.92
10,101.29,9.21,0.2,9.49,32.43,22.11,32.89
5,75.17,21.74,0.86,6.12,32.9,21.03,18.55
5,95.55,18.62,0.46,4.58,33.47,20.54,21.24
9,105.59,12.63,0.63,9.63,32.49,24.13,45.48
6,92.56,34.52,0.77,8.04,33.26,21.53,36.35
4,76.58,23.9,0.81,5.92,34.11,15.32,13.87
9,106.59,8.0,0.29,8.85,32.93,21.85,26.73
10,111.93,8.0,0.31,9.71,31.17,26.3,40.08
2,78.42,37.12,1.01,5.39,33.15,19.62,20.59
0,75.57,36.48,0.93,4.51,33.64,16.02,8.68
7,87.58,38.41,0.45,7.96,32.07,19.64,29.12
2,71.37,40.18,0.98,3.57,32.81,16.36,21.7
2,89.15,30.67,0.9,4.4,33.82,13.58,15.17
3,71.69,38.08,0.99,5.72,33.92,19.32,21.63
5,77.44,15.93,0.48,5.94,32.22,22.57,27.38
3,83.7,23.1,1.0,3.89,32.22,17.48,20.77
6,80.51,14.01,0.5,7.1,32.32,21.61,13.05
2,74.78,48.38,1.26,4.37,31.74,20.64,13.69
8,85.9,36.54,0.81,8.62,31.41,22.1,28.06
7,107.38,38.18,0.99,7.4,32.99,19.05,27.9
4,74.98,31.66,0.84,6.62,33.14,18.73,21.82
10,109.68,9.07,0.49,8.24,31.08,22.75,38.38
9,109.56,8.0,0.44,10.23,32.45,18.48,30.15
1,57.38,13.75,0.62,2.42,32.5,13.55,12.59
8,95.44,39.55,0.61,6.45,33.87,17.51,21.57
8,115.37,8.52,0.75,7.33,32.87,16.66,30.46
9,96.27,47.38,0.41,6.93,33.55,20.72,24.48
8,80.28,15.74,0.4,6.79,32.14,19.43,25.61
8,83.09,42.4,0.6,7.87,33.94,20.34,24.77
9,85.15,17.53,0.42,9.03,33.23,23.14,24.15
10,91.64,8.0,0.44,8.81,31.88,26.12,34.85
5,67.29,38.09,0.75,7.26,33.84,21.36,19.46
5,80.29,28.18,0.94,7.54,32.65,20.3,28.71
7,89.36,33.14,0.56,5.38,33.06,14.96,25.17
10,94.16,8.0,0.26,9.41,31.47,22.35,46.61
4,89.4,33.39,1.07,5.47,33.69,14.9,17.03
3,81.39,34.56,0.82,5.74,32.91,18.83,18.62
4,89.46,25.14,0.68,6.59,32.94,18.71,25.58
0,60.71,45.3,0.88,4.1,33.0,16.28,14.9
7,104.14,42.75,0.83,7.51,33.06,22.35,31.03
5,90.39,24.42,0.56,5.67,32.58,19.47,29.63
7,88.61,27.65,0.61,5.73,31.49,17.2,33.13
1,75.43,72.82,0.78,4.7,34.28,19.19,17.4
2,88.61,38.17,1.38,3.7,34.46,19.3,11.79
8,79.33,27.24,0.4,8.52,32.44,19.09,31.7
7,78.51,23.18,0.68,8.05,33.01,21.34,22.16
10,93.5,8.0,0.59,10.37,31.89,21.38,43.33
5,95.53,20.66,1.01,6.35,33.14,18.71,21.12
